"objectid";"nomor_lokasi";"nama_objek";"kecamatan";"kabupaten";"provinsi";"komoditi";"status_penyelidikan";"jenis_izin";"bijih_terbukti";"logam_terbukti";"luas_wilayah";"kategori_luas";"license_status";"durasi_izin_tahun";"tanggal_berlaku_sk";"tanggal_berakhir";"latitude";"longitude";"jarak_pelabuhan_km";"jarak_jalan_km";"jarak_smelter_km"
"1291";"271000000";"Nikel Bahodopi Block 1";"BUNGKU TIMUR";"MOROWALI";"SULAWESI TENGAH";"Ni";"EKSPLORASI";"IUPK";"24000000";"218400";"22699";"Besar";"Active";"11.7";"2024-05-03";"2035-12-28";"-2.691";"121.881";"0.00";"0.00";"0.00"
"1292";"272000000";"Nikel Bahodopi Block 2,3 & 4";"BUNGKU TIMUR";"MOROWALI";"SULAWESI TENGAH";"Ni";"EKSPLORASI";"IUPK";"0";"0";"22699";"Besar";"Active";"11.7";"2024-05-03";"2035-12-28";"-2.694";"121.91";"0.00";"0.00";"0.00"
"1293";"273000000";"Nikel Bahomoahi";"BAHODOPI";"MOROWALI";"SULAWESI TENGAH";"Ni";"OPERASI PRODUKSI";"IUP";"202719110";"249802896770";"20765";"Besar";"Active";"4.6";"2022-12-30";"2027-07-20";"-2.698";"121.975";"24.33";"0.22";"7.36"
"1294";"274000000";"Nikel Molino";"PETASIA TIMUR";"MOROWALI UTARA";"SULAWESI TENGAH";"Ni";"OPERASI PRODUKSI";"IUP";"33500000";"391615";"4778";"Menengah";"Active";"18.1";"2012-01-05";"2030-01-28";"-2.149";"121.479";"23.37";"0.01";"28.80"
"1296";"278000000";"Nikel Soroako West Block";"NUHA";"LUWU TIMUR";"SULAWESI SELATAN";"Ni";"OPERASI PRODUKSI";"IUPK";"2694000000";"1555750";"70566";"Besar";"Active";"11.7";"2024-05-03";"2035-12-28";"-2.56";"121.355";"31.16";"0.05";"2.82"
"1297";"279000000";"Nikel Soroako East Block";"NUHA";"LUWU TIMUR";"SULAWESI SELATAN";"Ni";"OPERASI PRODUKSI";"IUPK";"0";"0";"70566";"Besar";"Active";"11.7";"2024-05-03";"2035-12-28";"-2.56";"121.393";"35.23";"0.34";"2.00"
"1298";"280000000";"Nikel Petea";"TOWUTI";"LUWU TIMUR";"SULAWESI SELATAN";"Ni";"EKSPLORASI RINCI";"IUPK";"0";"0";"70566";"Besar";"Active";"11.7";"2024-05-03";"2035-12-28";"-2.518";"121.535";"0.00";"0.00";"0.00"
"1299";"281000000";"Nikel Limonite Sorowako";"TOWUTI";"LUWU TIMUR";"SULAWESI SELATAN";"Ni";"EKSPLORASI";"IUPK";"0";"0";"70566";"Besar";"Active";"11.7";"2024-05-03";"2035-12-28";"-2.617";"121.386";"0.00";"0.00";"0.00"
"1300";"282000000";"Nikel Soroako Outer SOA";"TOWUTI";"LUWU TIMUR";"SULAWESI SELATAN";"Ni";"EKSPLORASI";"IUPK";"0";"0";"70566";"Besar";"Active";"11.7";"2024-05-03";"2035-12-28";"-2.675";"121.715";"0.00";"0.00";"0.00"
"1301";"283000000";"Nikel Desa Harapan dan Desa Pongkeru";"MALILI";"LUWU TIMUR";"SULAWESI SELATAN";"Ni";"OPERASI PRODUKSI";"IUP";"74580000";"9148027";"2660";"Menengah";"Active";"11.3";"2018-07-06";"2029-11-03";"-2.788";"121.153";"11.00";"0.43";"34.74"
"1304";"288000000";"Nikel Sambalagi";"BUNGKU SELATAN";"MOROWALI";"SULAWESI TENGAH";"Ni";"EKSPLORASI";"IUP";"0";"0";"1963";"Menengah";"Active";"15.0";"2011-10-27";"2026-10-20";"-3.068";"122.259";"0.00";"0.00";"0.00"
"1305";"289000000";"Nikel Tambakua";"LANGGIKIMIA";"KONAWE UTARA";"SULAWESI TENGGARA";"Ni";"OPERASI PRODUKSI";"IUP";"63400000";"770763";"3119";"Menengah";"Active";"12.4";"2017-08-01";"2029-12-13";"-3.304";"122.155";"54.89";"0.01";"31.00"
"1307";"291000000";"Nikel Tapunopaka";"MOLAWE";"KONAWE UTARA";"SULAWESI TENGGARA";"Ni";"EKSPLORASI";"IUP";"173400000";"2107686";"6213";"Besar";"Active";"20.0";"2010-01-11";"2030-01-11";"-3.502";"122.253";"0.00";"0.00";"0.00"
"1308";"294000000";"Nikel Mandiodo";"MOLAWE";"KONAWE UTARA";"SULAWESI TENGGARA";"Ni";"EKSPLORASI";"IUP";"0";"0";"6213";"Besar";"Active";"20.0";"2010-01-11";"2030-01-11";"-3.537";"122.246";"0.00";"0.00";"0.00"
"1309";"295000000";"Nikel Bahubulu";"MOLAWE";"KONAWE UTARA";"SULAWESI TENGGARA";"Ni";"OPERASI PRODUKSI";"IUP";"0";"0";"6213";"Besar";"Active";"20.0";"2010-01-11";"2030-01-11";"-3.567";"122.325";"52.88";"10.06";"38.67"
"1310";"297000000";"Nikel Blok A Tolala";"TOLALA";"KOLAKA UTARA";"SULAWESI TENGGARA";"Ni";"OPERASI PRODUKSI";"IUP";"0";"0";"2100";"Menengah";"Active";"20.0";"2009-07-17";"2029-07-16";"-2.833";"121.083";"10.53";"0.06";"43.83"
"1312";"299000000";"Nikel Tolala";"TOLALA";"KOLAKA UTARA";"SULAWESI TENGGARA";"Ni";"OPERASI PRODUKSI";"IUP";"0";"0";"2450";"Menengah";"Active";"20.0";"2009-07-17";"2029-07-16";"-2.91";"121.1";"19.24";"0.24";"48.66"
"1314";"301000000";"Nikel Pit Pao pao";"WOLO";"KOLAKA";"SULAWESI TENGGARA";"Ni";"OPERASI PRODUKSI";"IUP";"0";"0";"6785";"Besar";"Active";"20.0";"2012-04-23";"2032-04-23";"-3.852";"121.289";"39.22";"0.06";"1.01"
"1315";"302000000";"Nikel Maniang";"WUNDULAKO";"KOLAKA TIMUR";"SULAWESI TENGGARA";"Ni";"EKSPLORASI RINCI";"IUP";"0";"0";"195";"Kecil";"Active";"10.0";"2023-02-28";"2033-02-28";"-4.203";"121.479";"0.00";"0.00";"0.00"
"1316";"303000000";"Nikel Pakaulan";"MABA";"HALMAHERA TIMUR";"MALUKU UTARA";"Ni";"OPERASI PRODUKSI";"IUP";"0";"0";"3648";"Menengah";"Active";"8.0";"2022-09-30";"2030-09-20";"0.948";"128.409";"21.34";"1.06";"19.77"
"1317";"305000000";"Nikel Pomalaa HPAL";"POMALAA";"KOLAKA";"SULAWESI TENGGARA";"Ni";"EKSPLORASI";"IUPK";"0";"0";"20286";"Besar";"Active";"11.7";"2024-05-03";"2035-12-28";"-4.227";"121.668";"0.00";"0.00";"0.00"
"1318";"306000000";"Nikel Baru";"OBI";"HALMAHERA SELATAN";"MALUKU UTARA";"Ni";"EKSPLORASI RINCI";"IUP";"0";"0";"1884.84";"Menengah";"Active";"10.2";"2019-01-14";"2029-04-06";"-1.431";"127.527";"17.47";"1.00";"10.79"
"1321";"310000000";"Nikel Torobulu";"LAEYA";"KONAWE SELATAN";"SULAWESI TENGGARA";"Ni";"OPERASI PRODUKSI";"IUP";"301905920";"3523148846";"1931";"Menengah";"Active";"10.0";"2019-11-29";"2029-11-28";"-4.424";"122.459";"2.54";"0.67";"11.89"
"1322";"311000000";"Nikel Salgado, Purano, Bangko";"KABAENA SELATAN";"BOMBANA";"SULAWESI TENGGARA";"Ni";"OPERASI PRODUKSI";"IUP";"52520000";"611366";"2527";"Menengah";"Active";"20.0";"2010-07-26";"2030-07-25";"-5.413";"121.934";"16.53";"0.63";"57.70"
"1323";"312000000";"Nikel Wasile";"WASILE";"HALMAHERA TIMUR";"MALUKU UTARA";"Ni";"OPERASI PRODUKSI";"IUP";"14000000";"15365";"24700";"Besar";"Active";"20.0";"2016-05-09";"2036-05-09";"1.113";"128.08";"37.37";"0.33";"35.09"
"1330";"325000000";"Nikel Tanjung Buli";"MABA";"HALMAHERA TIMUR";"MALUKU UTARA";"Ni";"OPERASI PRODUKSI";"IUP";"99400000";"127137";"3648";"Menengah";"Active";"8.0";"2022-09-30";"2030-09-20";"0.832";"128.286";"3.01";"0.22";"3.24"
"1331";"327000000";"Nikel Pulau Gee";"MABA";"HALMAHERA TIMUR";"MALUKU UTARA";"Ni";"OPERASI PRODUKSI";"IUP";"15000000";"31500";"3648";"Menengah";"Active";"8.0";"2022-09-30";"2030-09-20";"0.83";"128.328";"7.64";"0.10";"7.65"
"1332";"328000000";"Nikel Pulau Pakal";"KOTAMABA";"HALMAHERA TIMUR";"MALUKU UTARA";"Ni";"OPERASI PRODUKSI";"IUP";"131600000";"1817893";"3648";"Menengah";"Active";"8.0";"2022-09-30";"2030-09-20";"0.786";"128.34";"10.07";"0.64";"11.10"
"1341";"348000000";"Nikel Sake Barat";"WEDA TENGAH";"HALMAHERA TENGAH";"MALUKU UTARA";"Ni";"OPERASI PRODUKSI";"IUP";"19950000";"242991";"45065";"Besar";"Active";"28.2";"2019-12-30";"2048-02-27";"0.493";"127.962";"20.79";"1.21";"3.92"
"1345";"353000000";"Nikel Malamala Selatan";"OBI SELATAN";"HALMAHERA SELATAN";"MALUKU UTARA";"Ni";"OPERASI PRODUKSI";"IUP";"200000000";"194390";"1800";"Menengah";"Active";"12.7";"2017-05-29";"2030-01-28";"-1.659";"127.601";"25.22";"2.63";"23.84"
"1346";"355000000";"Nikel Kawasi";"OBI";"HALMAHERA SELATAN";"MALUKU UTARA";"Ni";"OPERASI PRODUKSI";"IUP";"125000000";"110670";"1725.54";"Menengah";"Active";"13.9";"2017-06-02";"2031-04-29";"-1.586";"127.412";"4.02";"0.73";"5.50"
"1347";"357000000";"Nikel Latou";"BATU PUTIH";"KOLAKA UTARA";"SULAWESI TENGGARA";"Ni";"OPERASI PRODUKSI";"IUP";"7281000";"9428895";"955";"Kecil";"Active";"10.0";"2021-06-21";"2031-06-21";"-3.074";"121.102";"37.23";"0.07";"63.60"
"1367";"1157000000";"Nikel Blok Utara Ngapaaha";"TINANGGEA";"KONAWE SELATAN";"SULAWESI TENGGARA";"Ni";"OPERASI PRODUKSI";"IUP";"74998550";"77693579250";"800";"Kecil";"Active";"18.0";"2010-09-08";"2028-09-08";"-4.382";"122.179";"31.66";"1.33";"3.02"
"1369";"1161000000";"Nikel Morombo (Bososi)";"MOLAWE";"KONAWE UTARA";"SULAWESI TENGGARA";"Ni";"OPERASI PRODUKSI";"IUP";"3740000";"389606";"1850";"Menengah";"Active";"20.0";"2011-06-06";"2031-06-06";"-3.378";"122.201";"63.19";"3.06";"37.20"
"1376";"1187000000";"Nikel Lasolo (DMS)";"LASOLO";"KONAWE UTARA";"SULAWESI TENGGARA";"Ni";"OPERASI PRODUKSI";"IUP";"35982780";"453383028";"130";"Kecil";"Active";"20.0";"2010-07-14";"2030-07-14";"-3.672";"122.258";"48.66";"0.39";"31.24"
"1377";"1188000000";"Nikel Lameluru";"LANGGIKIMA";"KONAWE UTARA";"SULAWESI TENGGARA";"Ni";"OPERASI PRODUKSI";"IUP";"0";"0";"317";"Kecil";"Active";"20.0";"2009-12-22";"2029-12-22";"-3.281";"122.3";"54.40";"0.09";"25.87"
"1379";"1203000000";"Nikel Blok Sagantel dan Sakaulen";"WEDA TENGAH";"HALMAHERA TENGAH";"MALUKU UTARA";"Ni";"OPERASI PRODUKSI";"IUP";"122036650";"1601174813";"1000";"Menengah";"Active";"17.6";"2012-05-30";"2029-12-21";"0.584";"127.955";"29.80";"2.51";"12.51"
"1380";"1204000000";"Nikel Messa";"WEDA UTARA";"HALMAHERA TENGAH";"MALUKU UTARA";"Ni";"OPERASI PRODUKSI";"IUP";"10420000";"1170687";"1232";"Menengah";"Active";"26.0";"2012-05-28";"2038-05-10";"0.542";"128.16";"33.43";"1.91";"19.80"
"1384";"1254000000";"Nikel Roko roko";"WAWONII TENGGARA";"KONAWE KEPULAUAN";"SULAWESI TENGGARA";"Ni";"OPERASI PRODUKSI";"IUP";"25000000";"21630";"850.9";"Kecil";"Active";"20.0";"2008-11-14";"2028-11-14";"-4.217";"123.117";"25.95";"3.17";"58.23"
"1386";"1366000000";"Nikel Longgona Barat";"PAGIMANA";"BANGGAI";"SULAWESI TENGAH";"Ni";"OPERASI PRODUKSI";"IUP";"0";"0";"199";"Kecil";"Active";"9.1";"2023-01-30";"2032-03-22";"-0.812";"122.605";"6.30";"0.04";"189.78"
"1387";"1367000000";"Nikel Siuna";"PAGIMANA";"BANGGAI";"SULAWESI TENGAH";"Ni";"OPERASI PRODUKSI";"IUP";"0";"0";"1220";"Menengah";"Active";"10.0";"2016-08-19";"2026-08-19";"-0.735";"122.99";"32.17";"0.64";"228.68"
"1389";"1369000000";"Nikel Lembah Kramat";"TOILI BARAT";"BANGGAI";"SULAWESI TENGAH";"Ni";"OPERASI PRODUKSI";"IUP";"0";"0";"198";"Kecil";"Active";"9.2";"2022-12-12";"2032-03-05";"-1.571";"122.085";"35.78";"2.87";"94.34"
"1390";"1370000000";"Nikel Molino 1";"LEMBO";"MOROWALI UTARA";"SULAWESI TENGAH";"Ni";"OPERASI PRODUKSI";"IUP";"0";"0";"3744";"Menengah";"Active";"13.9";"2016-01-19";"2029-12-08";"-2.162";"121.385";"19.17";"0.54";"25.31"
"1392";"1372000000";"Nikel Ungkaya";"PETASIA";"MOROWALI UTARA";"SULAWESI TENGAH";"Ni";"EKSPLORASI";"IUP";"0";"0";"585";"Kecil";"Active";"10.3";"2020-12-03";"2031-03-24";"-1.879";"121.318";"0.00";"0.00";"0.00"
"1393";"1373000000";"Nikel Lambolo";"PETASIA";"MOROWALI UTARA";"SULAWESI TENGAH";"Ni";"OPERASI PRODUKSI";"IUP";"34741740";"4196266004";"4780";"Menengah";"Active";"20.0";"2011-04-28";"2031-04-20";"-1.983";"121.316";"2.93";"1.82";"4.55"
"1394";"1374000000";"Nikel Ganda ganda";"PETASIA";"MOROWALI UTARA";"SULAWESI TENGAH";"Ni";"EKSPLORASI";"IUP ";"0";"0";"200";"Kecil";"Active";"20.0";"2012-04-19";"2032-04-12";"-1.8921";"121.347";"0.00";"0.00";"0.00"
"1395";"1375000000";"Nikel Torete";"PETASIA";"MOROWALI UTARA";"SULAWESI TENGAH";"Ni";"OPERASI PRODUKSI";"IUP";"0";"0";"196";"Kecil";"Active";"19.9";"2014-11-21";"2034-10-10";"-1.946";"121.317";"4.05";"0.51";"0.66"
"1396";"1376000000";"Nikel Matarape";"BUNGKU PESISIR";"MOROWALI";"SULAWESI TENGAH";"Ni";"OPERASI PRODUKSI";"IUP";"0";"0";"1825";"Menengah";"Active";"11.0";"2024-06-23";"2035-06-23";"-3.131";"122.275";"37.79";"1.55";"9.09"
"1398";"1378000000";"Nikel Tangofa";"BAHODOPI";"MOROWALI";"SULAWESI TENGAH";"Ni";"OPERASI PRODUKSI";"IUP";"49500000";"641508";"5983";"Besar";"Active";"10.9";"2020-07-10";"2031-05-26";"-2.9391";"122.169";"14.54";"3.30";"11.88"
"1399";"1379000000";"Nikel One Ete";"BUNGKU SELATAN";"MOROWALI";"SULAWESI TENGAH";"Ni";"OPERASI PRODUKSI";"IUP";"155578150";"22325464525";"1142";"Menengah";"Active";"20.0";"2011-05-23";"2031-05-20";"-2.941";"122.303";"20.53";"0.75";"12.46"
"1401";"1381000000";"Nikel Keurea";"BAHODOPI";"MOROWALI";"SULAWESI TENGAH";"Ni";"OPERASI PRODUKSI";"IUP";"0";"0";"775";"Kecil";"Active";"10.2";"2022-02-16";"2032-04-19";"-2.795";"122.102";"7.11";"0.05";"1.88"
"1402";"1383000000";"Nikel Laro Enai 1";"BUNGKU SELATAN";"MOROWALI";"SULAWESI TENGAH";"Ni";"OPERASI PRODUKSI";"IUP";"33500000";"33124";"199";"Kecil";"Active";"16.7";"2013-11-25";"2030-08-20";"-3.055";"122.245";"28.77";"0.17";"2.92"
"1406";"1387000000";"Nikel Larui";"POREHU";"KOLAKA UTARA";"SULAWESI TENGGARA";"Ni";"EKSPLORASI";"IUP";"0";"0";"1050";"Menengah";"Active";"15.0";"2012-12-05";"2027-12-05";"-2.902";"121.153";"0.00";"0.00";"0.00"
"1407";"1389000000";"Nikel Pesohua";"POMALAA";"KOLAKA";"SULAWESI TENGGARA";"Ni";"OPERASI PRODUKSI";"IUP";"10110590";"120316021";"340";"Kecil";"Active";"10.0";"2018-04-02";"2028-04-01";"-4.2036";"121.639";"5.55";"0.84";"4.75"
"1408";"1392000000";"Nikel Lamendai";"TANGGETADA";"KOLAKA";"SULAWESI TENGGARA";"Ni";"OPERASI PRODUKSI";"IUP";"0";"0";"1075";"Menengah";"Active";"20.0";"2010-04-12";"2030-04-12";"-4.312";"121.695";"18.60";"0.56";"14.98"
"1409";"1394000000";"Nikel Lamonae 1";"LANGGIKIMA";"KONAWE UTARA";"SULAWESI TENGGARA";"Ni";"OPERASI PRODUKSI";"IUP";"0";"0";"103";"Kecil";"Active";"20.0";"2011-07-12";"2031-07-12";"-3.28";"122.241";"52.91";"0.02";"25.77"
"1410";"1395000000";"Nikel Walalindu";"ASERA";"KONAWE UTARA";"SULAWESI TENGGARA";"Ni";"OPERASI PRODUKSI";"IUP";"0";"0";"616";"Kecil";"Active";"10.5";"2017-06-12";"2027-12-22";"-3.483";"122.104";"74.98";"0.59";"51.45"
"1411";"1397000000";"Nikel Matandahi";"MOTUI";"KONAWE UTARA";"SULAWESI TENGGARA";"Ni";"OPERASI PRODUKSI";"IUP";"14300000";"16016";"419.6";"Kecil";"Active";"18.0";"2009-12-22";"2027-12-22";"-3.8204";"122.441";"22.65";"0.52";"9.54"
"1412";"1398000000";"Nikel Mandiodo 1";"MOLAWE";"KONAWE UTARA";"SULAWESI TENGGARA";"Ni";"OPERASI PRODUKSI";"IUP";"40587992";"3977623216";"309";"Kecil";"Active";"10.7";"2017-03-29";"2027-12-22";"-3.5615";"122.217";"60.61";"0.00";"44.00"
"1414";"1400000000";"Nikel Sari Mukti";"LASOLO";"KONAWE UTARA";"SULAWESI TENGGARA";"Ni";"OPERASI PRODUKSI";"IUP";"17309800";"21810348";"1923";"Menengah";"Active";"12.5";"2017-06-09";"2029-12-22";"-3.3485";"122.226";"60.19";"0.05";"33.49"
"1417";"1407000000";"Nikel Routa 1";"ROUTA";"KONAWE";"SULAWESI TENGGARA";"Ni";"EKSPLORASI";"IUP";"0";"0";"5053";"Besar";"Active";"20.0";"2012-12-08";"2032-12-08";"-3.024";"121.705";"0.00";"0.00";"0.00"
"1418";"1408000000";"Nikel Lamonae";"LANGGIKIMA";"KONAWE UTARA";"SULAWESI TENGGARA";"Ni";"OPERASI PRODUKSI";"IUP";"0";"0";"2827";"Menengah";"Active";"20.0";"2011-03-11";"2031-03-11";"-3.213";"122.205";"45.04";"1.22";"19.56"
"1419";"1409000000";"Nikel Lamonae 2";"LANGGIKIMA";"KONAWE UTARA";"SULAWESI TENGGARA";"Ni";"OPERASI PRODUKSI";"IUP";"558113000";"69187965";"3119";"Menengah";"Active";"12.4";"2017-08-01";"2029-12-13";"-3.2295";"122.255";"47.71";"0.83";"20.05"
"1420";"1410000000";"Nikel Lamonae 3";"LANGGIKIMA";"KONAWE UTARA";"SULAWESI TENGGARA";"Ni";"OPERASI PRODUKSI";"IUP";"0";"0";"470";"Kecil";"Active";"20.0";"2010-07-14";"2030-07-14";"-3.233";"122.206";"47.25";"0.88";"21.59"
"1422";"1412000000";"Nikel Lamonae 5";"LANGGIKIMA";"KONAWE UTARA";"SULAWESI TENGGARA";"Ni";"OPERASI PRODUKSI";"IUP";"75810000";"8968323";"1213.2";"Menengah";"Active";"12.4";"2017-08-03";"2029-12-21";"-3.341";"122.27";"60.12";"0.19";"32.30"
"1423";"1414000000";"Nikel Wotumbohuti";"PALANGGA SELATAN";"KONAWE SELATAN";"SULAWESI TENGGARA";"Ni";"OPERASI PRODUKSI";"IUP";"10877410";"13248685380";"1670";"Menengah";"Active";"10.0";"2017-01-27";"2027-01-27";"-4.3925";"122.391";"9.44";"0.01";"7.97"
"1424";"1415000000";"Nikel Watumbohuti 1";"PALANGGA SELATAN";"KONAWE SELATAN";"SULAWESI TENGGARA";"Ni";"OPERASI PRODUKSI";"IUP";"9950690";"118413211";"584";"Kecil";"Active";"10.0";"2018-11-12";"2028-11-12";"-4.409";"122.407";"6.94";"0.57";"7.61"
"1425";"1416000000";"Nikel Ululakara";"PALANGGA";"KONAWE SELATAN";"SULAWESI TENGGARA";"Ni";"OPERASI PRODUKSI";"IUP";"0";"0";"1008";"Menengah";"Active";"10.0";"2020-02-15";"2030-02-15";"-4.399";"122.338";"14.21";"0.47";"6.60"
"1426";"1417000000";"Nikel Sangi sangi";"LAEYA";"KONAWE SELATAN";"SULAWESI TENGGARA";"Ni";"EKSPLORASI";"IUP";"16175080";"16983834";"2301.62";"Menengah";"Active";"20.0";"2018-07-30";"2038-07-30";"-4.424";"122.459";"0.00";"0.00";"0.00"
"1428";"1419000000";"Nikel Talaga Besar";"TALAGARAYA";"BUTON TENGAH";"SULAWESI TENGGARA";"Ni";"OPERASI PRODUKSI";"IUP";"22300000";"276297";"2834.96";"Menengah";"Active";"20.0";"2007-07-12";"2027-07-11";"-5.414";"122.033";"10.62";"0.46";"57.73"
"1429";"1420000000";"Nikel Wakalambe";"KAB. BUTON";"BUTON";"SULAWESI TENGGARA";"Ni";"OPERASI PRODUKSI";"IUP";"0";"0";"675";"Kecil";"Active";"20.0";"2009-09-04";"2029-09-04";"-5.264";"122.792";"22.59";"0.28";"98.18"
"1431";"1422000000";"Nikel Baliara";"KABAENA BARAT";"BOMBANA";"SULAWESI TENGGARA";"Ni";"OPERASI PRODUKSI";"IUP";"35000000";"45325";"512";"Kecil";"Active";"10.0";"2020-12-08";"2030-12-07";"-5.246";"121.839";"5.23";"0.99";"42.26"
"1434";"1425000000";"Nikel Fayaul";"WASILE";"HALMAHERA TIMUR";"MALUKU UTARA";"Ni";"OPERASI PRODUKSI";"IUP";"20454010";"2618820512";"5479.82";"Besar";"Active";"20.0";"2012-09-10";"2032-09-10";"1.023";"128.143";"25.19";"3.08";"22.91"
"1435";"1426000000";"Nikel Saramaake";"WASILE";"HALMAHERA TIMUR";"MALUKU UTARA";"Ni";"EKSPLORASI";"IUP";"0";"0";NULL;"Kecil";"Active";"20.0";"2012-09-10";"2032-09-10";"0.9828";"128.104";"24.41";"6.50";"22.20"
"1436";"1427000000";"Nikel Wailukum";"KOTAMABA";"HALMAHERA TIMUR";"MALUKU UTARA";"Ni";"OPERASI PRODUKSI";"IUP";"53956602";"0";"137.1";"Kecil";"Active";"19.5";"2012-08-02";"2032-01-23";"0.775";"128.206";"8.29";"0.12";"9.09"
"1437";"1428000000";"Nikel Fritu";"KOTAMABA";"HALMAHERA TIMUR";"MALUKU UTARA";"Ni";"OPERASI PRODUKSI";"IUP";"45323000";"53956602";"990";"Kecil";"Active";"21.0";"2009-12-28";"2030-12-28";"0.599";"128.152";"27.93";"3.61";"22.11"
"1438";"1429000000";"Nikel Fritu 1";"WEDA UTARA";"HALMAHERA TENGAH";"MALUKU UTARA";"Ni";"OPERASI PRODUKSI";"IUP";"45323000";"53956602";"511";"Kecil";"Expired";"0.0";"2012-05-28";"0000-00-00";"0.542";"128.16";"33.43";"2.13";"19.80"
"1439";"1430000000";"Nikel Waleh";"WEDA UTARA";"HALMAHERA TENGAH";"MALUKU UTARA";"Ni";"EKSPLORASI";"IUP";"0";"0";"1100";"Menengah";"Active";"0.0";"0000-00-00";"2034-01-27";"0.564";"128.079";"34.73";"9.12";"13.43"
"1441";"1432000000";"Nikel Umera (Pulau Gebe)";"PULAU GEDE";"HALMAHERA TENGAH";"MALUKU UTARA";"Ni";"OPERASI PRODUKSI";"IUP";"12913280";"1610813904";"1850";"Menengah";"Active";"19.0";"2013-01-29";"2032-01-27";"-0.186";"129.551";"14.50";"1.67";"1.59"
"1443";"1434000000";"Nikel Baru 1";"OBI";"HALMAHERA SELATAN";"MALUKU UTARA";"Ni";"OPERASI PRODUKSI";"IUP";"39170000";"4426814";"4058";"Menengah";"Active";"20.0";"2011-02-25";"2031-02-10";"-1.486";"127.499";"13.06";"0.70";"7.79"
"1444";"1435000000";"Nikel Laiwui";"OBI";"HALMAHERA SELATAN";"MALUKU UTARA";"Ni";"OPERASI PRODUKSI";"IUP";"0";"0";"1775.4";"Menengah";"Active";"10.2";"2019-01-14";"2029-04-05";"-1.39";"127.616";"7.00";"3.46";"21.63"
"1446";"1438000000";"Nikel Piru";"SERAM BARAT";"SERAM BAGIAN BARAT";"MALUKU";"Ni";"OPERASI PRODUKSI";"IUP";"241251300";"3793481853";"4389";"Menengah";"Active";"20.0";"2009-10-15";"2029-10-15";"-3.111";"128.099";"97.06";"0.46";"189.48"
"1450";"1599000000";"Nikel Pitulua";"LASUSUA";"KOLAKA UTARA";"SULAWESI TENGGARA";"Ni";"OPERASI PRODUKSI";"IUP";"0";"0";"475";"Kecil";"Expired";"15.0";"2011-03-14";"2026-03-14";"-3.617";"120.965";"24.06";"0.91";"45.30"
"1451";"1600000000";"Nikel Subaim";"WASILE";"HALMAHERA TIMUR";"MALUKU UTARA";"Ni";"OPERASI PRODUKSI";"IUP";"118000000";"131880";"2117";"Menengah";"Active";"20.0";"2009-12-07";"2029-12-07";"1.021";"128.197";"22.52";"3.10";"20.30"
"1452";"1920000000";"Nikel Laro Enai";"BUNGKU SELATAN";"MOROWALI";"SULAWESI TENGAH";"Ni";"OPERASI PRODUKSI";"IUP";"5664000";"985536";"198";"Kecil";"Active";"10.4";"2024-11-17";"2035-04-15";"-3.042";"122.245";"27.40";"0.06";"2.95"
"1453";"1921000000";"Nikel Soroako-Petea HPAL";"WASUPONDA";"LUWU TIMUR";"SULAWESI SELATAN";"Ni";"EKSPLORASI";"IUPK";"0";"0";"70566";"Besar";"Active";"11.7";"2024-05-03";"2035-12-28";"-2.642";"121.242";"0.00";"0.00";"0.00"
"1454";"1922000000";"Nikel Lalindu dan Lasolo";"ASERA";"KONAWE UTARA";"SULAWESI TENGGARA";"Ni";"EKSPLORASI";"IUP";"0";"0";"16920";"Besar";"Active";"20.0";"2010-04-29";"2030-04-29";"-3.468";"122.154";"0.00";"0.00";"0.00"
"1455";"1923000000";"Nikel Pomalaa (Tambang Tengah) (WSPM 014)";"POMALAA";"KOLAKA";"SULAWESI TENGGARA";"Ni";"OPERASI PRODUKSI";"IUP";"17800000";"225253";"1954";"Menengah";"Active";"10.1";"2020-05-18";"2030-06-25";"-4.229";"121.613";"6.23";"1.38";"4.40"
"1457";"1925000000";"Nikel Hakatutobu";"POMALAA";"KOLAKA";"SULAWESI TENGGARA";"Ni";"EKSPLORASI";"IUP";"67057470";"657163206";"225";"Kecil";"Active";"20.0";"2009-09-07";"2029-09-07";"-4.251";"121.592";"0.00";"0.00";"0.00"
"1459";"1927000000";"Nikel Tambea";"TANGGETADA";"KOLAKA";"SULAWESI TENGGARA";"Ni";"OPERASI PRODUKSI";"IUP";"0";"0";"1000";"Menengah";"Active";"17.7";"2010-04-12";"2027-12-31";"-4.303";"121.678";"16.72";"0.24";"12.89"
"1462";"1930000000";"Nikel Walalindu 1";"MOLAWE";"KONAWE UTARA";"SULAWESI TENGGARA";"Ni";"OPERASI PRODUKSI";"IUP";"31611070";"40142444930";"616";"Kecil";"Active";"10.5";"2017-06-12";"2027-12-22";"-3.5594";"122.227";"60.01";"0.04";"43.61"
"1463";"1931000000";"Nikel Lameruru 2";"LANGGIKIMA";"KONAWE UTARA";"SULAWESI TENGGARA";"Ni";"OPERASI PRODUKSI";"IUP";"0";"0";"467";"Kecil";"Active";"20.0";"2011-07-13";"2031-07-13";"-3.277";"122.245";"52.66";"0.39";"25.38"
"1464";"1932000000";"Nikel Blok Paka Indah";"LANGGIKIMA";"KONAWE UTARA";"SULAWESI TENGGARA";"Ni";"OPERASI PRODUKSI";"IUP";"0";"0";"195.7";"Kecil";"Active";"20.0";"2010-06-07";"2030-06-07";"-3.362";"122.165";"61.29";"1.93";"36.56"
"1465";"1933000000";"Nikel Puriala";"PURIALA";"KONAWE";"SULAWESI TENGGARA";"Ni";"EKSPLORASI";"IUP";"6223870";"8495582550";"1522";"Menengah";"Active";"20.8";"2012-02-29";"2032-12-28";"-4.02";"122.088";"0.00";"0.00";"0.00"
"1467";"1935000000";"Nikel Blok A Lameruru";"LANGGIKIMA";"KONAWE UTARA";"SULAWESI TENGGARA";"Ni";"OPERASI PRODUKSI";"IUP";"0";"0";"1975";"Menengah";"Active";"20.0";"2010-12-14";"2030-12-13";"-3.263";"122.261";"51.47";"1.40";"23.70"
"1468";"1936000000";"Nikel Wailukum 1";"KOTAMABA";"HALMAHERA TIMUR";"MALUKU UTARA";"Ni";"OPERASI PRODUKSI";"IUP";"665600010";"8176470523";"4017";"Menengah";"Active";"20.0";"2017-12-12";"2037-12-12";"0.542";"128.16";"33.43";"2.13";"19.80"
"1472";"1940000000";"Nikel Amonggedo";"PONDIDAHA";"KONAWE";"SULAWESI TENGGARA";"Ni";"OPERASI PRODUKSI";"IUP";"74131240";"77837802";"1818";"Menengah";"Active";"15.3";"2014-07-16";"2029-10-27";"-3.919";"122.268";"35.01";"0.76";"16.84"
"1473";"1941000000";"Nikel Ponidaha";"PONDIDAHA";"KONAWE";"SULAWESI TENGGARA";"Ni";"OPERASI PRODUKSI";"IUP";"78834860";"82776603";"1818";"Menengah";"Active";"15.3";"2014-07-16";"2029-10-27";"-3.916";"122.272";"34.63";"1.23";"16.37"
"1474";"1942000000";"Nikel Boenaga";"MOLAWE";"KONAWE UTARA";"SULAWESI TENGGARA";"Ni";"OPERASI PRODUKSI";"IUP";"6517990";"82126674";"220";"Kecil";"Active";"15.1";"2017-01-05";"2032-02-14";"-3.418";"122.368";"65.54";"1.91";"42.23"
"1477";"1945000000";"Nikel Morombo 1";"MOLAWE";"KONAWE UTARA";"SULAWESI TENGGARA";"Ni";"OPERASI PRODUKSI";"IUP";"18160890";"22540480410";"496.1";"Kecil";"Active";"20.0";"2010-08-19";"2030-08-19";"-3.379";"122.235";"63.65";"0.26";"36.72"
"1478";"1946000000";"Nikel Sopura 1";"TANGGETADA";"KOLAKA";"SULAWESI TENGGARA";"Ni";"OPERASI PRODUKSI";"IUP ";"899650";"1133559";"108";"Kecil";"Active";"20.0";"2010-04-12";"2030-04-12";"-4.297";"121.531";"15.47";"0.61";"4.78"
"1479";"1947000000";"Nikel Bimor Jaya";"PETASIA TIMUR";"MOROWALI UTARA";"SULAWESI TENGAH";"Ni";"EKSPLORASI";"IUP";"1938730609";"278207842391";"2038.7";"Menengah";"Active";"20.0";"2021-12-30";"2041-12-30";"-2.124";"121.467";"0.00";"0.00";"0.00"
"1480";"1948000000";"Nikel Lamantoli";"BUNGKU PESISIR";"MOROWALI";"SULAWESI TENGAH";"Ni";"OPERASI PRODUKSI";"IUP";"17600000";"156464";"1867.7";"Menengah";"Active";"18.6";"2017-06-09";"2036-01-16";"-3.148";"122.405";"17.23";"0.93";"18.53"
"1481";"1949000000";"Nikel Kawasi 1";"OBI";"HALMAHERA SELATAN";"MALUKU UTARA";"Ni";"OPERASI PRODUKSI";"IUP";"241000000";"238140";"4247";"Menengah";"Active";"20.0";"2010-02-08";"2030-02-08";"0.542";"128.16";"33.43";"2.13";"19.80"
"1482";"1950000000";"Nikel WSPM 017";"POMALAA";"KOLAKA";"SULAWESI TENGGARA";"Ni";"OPERASI PRODUKSI";"IUP";"0";"0";"584.3";"Kecil";"Active";"13.8";"2020-05-18";"2034-03-14";"-4.263";"121.536";"11.98";"2.93";"3.48"
"1483";"1951000000";"Nikel WSPM 016";"POMALAA";"KOLAKA";"SULAWESI TENGGARA";"Ni";"OPERASI PRODUKSI";"IUP";"19300000";"247926";"2712";"Menengah";"Active";"13.8";"2020-05-18";"2034-03-14";"-4.204";"121.63";"4.78";"1.86";"3.78"
"1484";"1952000000";"Nikel WSPM 015";"POMALAA";"KOLAKA";"SULAWESI TENGGARA";"Ni";"OPERASI PRODUKSI";"IUP";"28400000";"383376";"878.2";"Kecil";"Active";"10.1";"2020-05-18";"2030-06-25";"-4.278";"121.553";"12.50";"0.19";"1.60"
"1485";"2136000000";"Nikel Ussu";"MALILI";"LUWU TIMUR";"SULAWESI SELATAN";"Ni";"OPERASI PRODUKSI";"IUP";"22443750";"2854271728";"1419";"Menengah";"Active";"20.0";"2011-04-18";"2031-04-18";"-2.571";"121.075";"7.80";"1.71";"33.71"
"1486";"2137000000";"Nikel Blok 2 Pomalaa HPAL";"BAULA";"KOLAKA";"SULAWESI TENGGARA";"Ni";"EKSPLORASI";"IUPK";"0";"0";"20286";"Besar";"Active";"11.7";"2024-05-03";"2035-12-28";"-4.196";"121.703";"0.00";"0.00";"0.00"
"1487";"2138000000";"Nikel Blok 3 Pomalaa HPAL";"POMALAA";"KOLAKA";"SULAWESI TENGGARA";"Ni";"EKSPLORASI";"IUPK";"0";"0";"20286";"Besar";"Active";"11.7";"2024-05-03";"2035-12-28";"-4.239";"121.719";"0.00";"0.00";"0.00"
"1488";"2139000000";"Nikel Blok 4 Pomalaa HPAL";"POMALAA";"KOLAKA";"SULAWESI TENGGARA";"Ni";"EKSPLORASI";"IUPK";"0";"0";"20286";"Besar";"Active";"11.7";"2024-05-03";"2035-12-28";"-4.271";"121.685";"0.00";"0.00";"0.00"
"1489";"2140000000";"Nikel Blok 5 Pomalaa HPAL";"POMALAA";"KOLAKA";"SULAWESI TENGGARA";"Ni";"EKSPLORASI";"IUPK";"0";"0";"20286";"Besar";"Active";"11.7";"2024-05-03";"2035-12-28";"-4.215";"121.651";"0.00";"0.00";"0.00"
"1490";"2141000000";"Nikel Blok I Watudemba";"PALANGGA";"KONAWE SELATAN";"SULAWESI TENGGARA";"Ni";"OPERASI PRODUKSI";"IUP";"674300";"7788165";"705";"Kecil";"Active";"20.0";"2011-10-27";"2031-10-27";"-4.398";"122.358";"12.23";"0.54";"6.38"
"1491";"2142000000";"Nikel Blok II Kiaea";"PALANGGA";"KONAWE SELATAN";"SULAWESI TENGGARA";"Ni";"OPERASI PRODUKSI";"IUP";"4264400";"49552328";"705";"Kecil";"Active";"20.0";"2011-10-27";"2031-10-27";"-4.397";"122.369";"11.20";"0.14";"6.64"
"1492";"2143000000";"Nikel Blok IV Amondo";"PALANGGA SELATAN";"KONAWE SELATAN";"SULAWESI TENGGARA";"Ni";"OPERASI PRODUKSI";"IUP";"5787600";"79405872";"705";"Kecil";"Active";"20.0";"2011-10-27";"2031-10-27";"-4.411";"122.359";"11.56";"0.37";"4.95"
"1493";"2144000000";"Nikel Wawoheo";"LANGGIKIMA";"KONAWE UTARA";"SULAWESI TENGGARA";"Ni";"OPERASI PRODUKSI";"IUP";"0";"0";"1500";"Menengah";"Active";"20.2";"2011-01-28";"2031-03-28";"-3.195";"122.234";"43.51";"0.06";"16.66"
"1494";"2145000000";"Nikel Tapunggaya";"MOLAWE";"KONAWE UTARA";"SULAWESI TENGGARA";"Ni";"OPERASI PRODUKSI";"IUP";"24538600";"26496753675";"159";"Kecil";"Active";"20.0";"2011-12-15";"2031-12-15";"-3.392";"122.235";"65.04";"0.20";"38.15"
"1496";"2147000000";"Nikel Morombo";"MOLAWE";"KONAWE UTARA";"SULAWESI TENGGARA";"Ni";"OPERASI PRODUKSI";"IUP";"17100000";"204687";"138.9";"Kecil";"Active";"20.0";"2012-08-29";"2032-08-29";"-3.37";"122.274";"63.35";"0.04";"35.51"
"1497";"2148000000";"Nikel Samaenre";"WOLO";"KOLAKA";"SULAWESI TENGGARA";"Ni";"OPERASI PRODUKSI";"IUP";"0";"0";"6785";"Besar";"Active";"20.0";"2012-04-23";"2032-04-23";"-3.878";"121.319";"34.84";"0.86";"3.57"
"1498";"2149000000";"Nikel Wolo";"WOLO";"KOLAKA";"SULAWESI TENGGARA";"Ni";"OPERASI PRODUKSI";"IUP";"0";"0";"6785";"Besar";"Active";"20.0";"2012-04-23";"2032-04-23";"-3.843";"121.269";"41.61";"0.12";"3.42"
"1499";"2150000000";"Nikel Ruby";"WOLO";"KOLAKA";"SULAWESI TENGGARA";"Ni";"OPERASI PRODUKSI";"IUP";"0";"0";"6785";"Besar";"Active";"20.0";"2012-04-23";"2032-04-23";"-3.872";"121.286";"38.27";"2.17";"2.44"
"1500";"2151000000";"Nikel Jessica";"WOLO";"KOLAKA";"SULAWESI TENGGARA";"Ni";"OPERASI PRODUKSI";"IUP";"0";"0";"6785";"Besar";"Active";"20.0";"2012-04-23";"2032-04-23";"-3.864";"121.287";"38.66";"1.36";"1.69"
"1501";"2152000000";"Nikel Wonua Kongga";"LAEYA";"KONAWE SELATAN";"SULAWESI TENGGARA";"Ni";"OPERASI PRODUKSI";"IUP";"41691950";"6262619";"100";"Kecil";"Active";"19.0";"2010-01-11";"2029-01-11";"-4.435";"122.491";"4.01";"0.04";"15.09"
"1503";"2154000000";"Nikel Bintaro";"LANGGIKIMA";"KONAWE UTARA";"SULAWESI TENGGARA";"Ni";"OPERASI PRODUKSI";"IUP";"132002360";"157581306120";"407";"Kecil";"Active";"0.0";"0000-00-00";"2029-11-22";"-3.287";"122.265";"54.16";"0.03";"26.34"
"1504";"2155000000";"Nikel Marombo 1";"MOLAWE";"KONAWE UTARA";"SULAWESI TENGGARA";"Ni";"OPERASI PRODUKSI";"IUP";"21000000";"39900";"103.2";"Kecil";"Active";"20.0";"2011-08-23";"2031-08-23";"-3.39";"122.258";"65.22";"0.52";"37.74"
"1505";"2156000000";"Nikel Patikala 4 Blok Utara";"TOLALA";"KOLAKA UTARA";"SULAWESI TENGGARA";"Ni";"OPERASI PRODUKSI";"IUP";"61297840";"753473042";"500";"Kecil";"Active";"15.0";"2012-12-05";"2027-12-05";"-2.843";"120.99";"12.08";"7.80";"52.66"
"1506";"2157000000";"Nikel Keuno";"PETASIA TIMUR";"MOROWALI UTARA";"SULAWESI TENGAH";"Ni";"OPERASI PRODUKSI";"IUP";"18600000";"217434";"4778";"Menengah";"Active";"18.1";"2012-01-05";"2030-01-28";"-2.172";"121.492";"26.25";"0.88";"31.70"
"1507";"2158000000";"Nikel Towara";"PETASIA TIMUR";"MOROWALI UTARA";"SULAWESI TENGAH";"Ni";"OPERASI PRODUKSI";"IUP";"1700000";"21301";"4778";"Menengah";"Active";"18.1";"2012-01-05";"2030-01-28";"-2.095";"121.451";"10.81";"0.87";"22.20"
"1508";"2159000000";"Nikel Tompira";"PETASIA TIMUR";"MOROWALI UTARA";"SULAWESI TENGAH";"Ni";"OPERASI PRODUKSI";"IUP";"11700000";"135135";"4778";"Menengah";"Active";"18.1";"2012-01-05";"2030-01-28";"-2.084";"121.41";"10.21";"0.46";"18.51"
"1509";"2160000000";"Nikel Putemata";"PETASIA TIMUR";"MOROWALI UTARA";"SULAWESI TENGAH";"Ni";"OPERASI PRODUKSI";"IUP";"0";"0";"4778";"Menengah";"Active";"18.1";"2012-01-05";"2030-01-28";"-2.108";"121.418";"12.51";"2.68";"21.24"
"1510";"2161000000";"Nikel Cengkeh";"LEMBO";"MOROWALI UTARA";"SULAWESI TENGAH";"Ni";"OPERASI PRODUKSI";"IUP";"37800000";"439236";"4778";"Menengah";"Active";"18.1";"2012-01-05";"2030-01-28";"-2.103";"121.366";"12.89";"1.35";"18.45"
"1511";"2162000000";"Nikel Tobimieta";"MOLAWE";"KONAWE UTARA";"SULAWESI TENGGARA";"Ni";"OPERASI PRODUKSI";"IUP";"0";"0";"373.8";"Kecil";"Active";"20.0";"2010-08-19";"2030-08-19";"-3.378";"122.25";"63.77";"0.27";"36.46"
"1512";"2163000000";"Nikel Pesouha";"POMALAA";"KOLAKA";"SULAWESI TENGGARA";"Ni";"OPERASI PRODUKSI";"IUP";"24535600";"24044888";"388";"Kecil";"Active";"10.0";"2017-05-22";"2027-05-21";"-4.218";"121.635";"6.27";"0.32";"4.98"
"1513";"2164000000";"Nikel Tapungjaya 1";"MOLAWE";"KONAWE UTARA";"SULAWESI TENGGARA";"Ni";"OPERASI PRODUKSI";"IUP";"133397672";"13072971856";"309";"Kecil";"Active";"10.7";"2017-03-29";"2027-12-22";"-3.5632";"122.197";"61.96";"0.06";"45.01"
"1515";"2165000000";"Nikel Boedingi";"MOLAWE";"KONAWE UTARA";"SULAWESI TENGGARA";"Ni";"OPERASI PRODUKSI";"IUP";"11847040";"15093128960";"284.92";"Kecil";"Active";"17.8";"2014-12-08";"2032-10-08";"-3.418";"122.381";"65.03";"0.44";"42.63"
"1516";"2166000000";"Nikel Lengora 1 (Blok A 11)";"KABAENA TENGAH";"BOMBANA";"SULAWESI TENGGARA";"Ni";"OPERASI PRODUKSI";"IUP";"6867151";"8467558235";"3450";"Menengah";"Active";"12.4";"2019-08-28";"2032-01-30";"-5.1454";"121.967";"10.72";"1.74";"27.90"
"1517";"2167000000";"Nikel Osu Ranonuwue";"LANGGIKIMA";"KONAWE UTARA";"SULAWESI TENGGARA";"Ni";"OPERASI PRODUKSI";"IUP";"0";"0";"237.9";"Kecil";"Active";"20.0";"2011-07-12";"2031-07-12";"-3.363";"122.215";"61.66";"1.15";"35.28"
"1518";"2168000000";"Nikel Waturambaha";"MOLAWE";"KONAWE UTARA";"SULAWESI TENGGARA";"Ni";"OPERASI PRODUKSI";"IUP";"50601750";"6198714375";"109";"Kecil";"Active";"10.0";"2019-07-18";"2029-07-17";"-3.387";"122.35";"67.29";"2.71";"38.41"
"1519";"2169000000";"Nikel Blok Helipad Waturambaha (B30)";"MOLAWE";"KONAWE UTARA";"SULAWESI TENGGARA";"Ni";"OPERASI PRODUKSI";"IUP";"0";"0";"301";"Kecil";"Active";"20.0";"2012-03-30";"2032-03-30";"-3.3682";"122.337";"64.86";"0.19";"36.06"
"1520";"2170000000";"Nikel Blok A Waturambaha";"MOLAWE";"KONAWE UTARA";"SULAWESI TENGGARA";"Ni";"OPERASI PRODUKSI";"IUP";"0";"0";"301";"Kecil";"Active";"20.0";"2012-03-30";"2032-03-30";"-3.3723";"122.337";"65.30";"0.62";"36.51"
"1521";"2171000000";"Nikel Blok B Waturambaha";"MOLAWE";"KONAWE UTARA";"SULAWESI TENGGARA";"Ni";"OPERASI PRODUKSI";"IUP";"0";"0";"301";"Kecil";"Active";"20.0";"2012-03-30";"2032-03-30";"-3.3752";"122.337";"65.61";"0.92";"36.83"
"1522";"2172000000";"Nikel Blok C Waturambaha";"MOLAWE";"KONAWE UTARA";"SULAWESI TENGGARA";"Ni";"OPERASI PRODUKSI";"IUP";"0";"0";"301";"Kecil";"Active";"20.0";"2012-03-30";"2032-03-30";"-3.372";"122.33";"65.04";"0.64";"36.33"
"1523";"2173000000";"Nikel Blok D Waturambaha";"MOLAWE";"KONAWE UTARA";"SULAWESI TENGGARA";"Ni";"OPERASI PRODUKSI";"IUP";"0";"0";"301";"Kecil";"Active";"20.0";"2012-03-30";"2032-03-30";"-3.3754";"122.33";"65.41";"1.00";"36.70"
"1524";"2174000000";"Nikel Blok E Waturambaha";"MOLAWE";"KONAWE UTARA";"SULAWESI TENGGARA";"Ni";"OPERASI PRODUKSI";"IUP";"0";"0";"301";"Kecil";"Active";"20.0";"2012-03-30";"2032-03-30";"-3.3796";"122.338";"66.09";"1.40";"37.32"
"1525";"2175000000";"Nikel Blok F Waturambaha";"MOLAWE";"KONAWE UTARA";"SULAWESI TENGGARA";"Ni";"OPERASI PRODUKSI";"IUP";"0";"0";"301";"Kecil";"Active";"20.0";"2012-03-30";"2032-03-30";"-3.3821";"122.338";"66.37";"1.68";"37.59"
"1526";"2176000000";"Nikel Blok G Waturambaha";"MOLAWE";"KONAWE UTARA";"SULAWESI TENGGARA";"Ni";"OPERASI PRODUKSI";"IUP";"0";"0";"301";"Kecil";"Active";"20.0";"2012-03-30";"2032-03-30";"-3.3845";"122.338";"66.62";"1.94";"37.86"
"1527";"2177000000";"Nikel Blok H Waturambaha";"MOLAWE";"KONAWE UTARA";"SULAWESI TENGGARA";"Ni";"OPERASI PRODUKSI";"IUP";"0";"0";"301";"Kecil";"Active";"20.0";"2012-03-30";"2032-03-30";"-3.3867";"122.338";"66.85";"2.18";"38.09"
"1528";"2178000000";"Nikel Boedingin";"MOLAWE";"KONAWE UTARA";"SULAWESI TENGGARA";"Ni";"OPERASI PRODUKSI";"IUP";"0";"0";"168";"Kecil";"Active";"19.0";"2012-02-16";"2031-02-16";"-3.407";"122.338";"67.92";"4.90";"40.30"
"1529";"2179000000";"Nikel Blok Selatan Ngapaaha";"TINANGGEA";"KONAWE SELATAN";"SULAWESI TENGGARA";"Ni";"OPERASI PRODUKSI";"IUP";"69546720";"85194732";"800";"Kecil";"Active";"18.0";"2010-09-08";"2028-09-08";"-4.396";"122.177";"31.58";"0.46";"2.46"
"1530";"2180000000";"Nikel Rahampuu";"KABAENA BARAT";"BOMBANA";"SULAWESI TENGGARA";"Ni";"OPERASI PRODUKSI";"IUP";"10662000";"13619487";"300";"Kecil";"Active";"10.0";"2019-04-01";"2029-03-31";"-5.2584";"121.826";"3.47";"0.09";"44.10"
"1531";"2181000000";"Nikel Umera 1";"PULAU GEDE";"HALMAHERA TENGAH";"MALUKU UTARA";"Ni";"OPERASI PRODUKSI";"IUP";"47640000";"5728933";"503";"Kecil";"Active";"20.0";"2013-08-23";"2033-08-23";"-0.1768";"129.52";"11.18";"0.25";"5.15"
"1534";"2184000000";"Nikel Kacepi";"PULAU GEDE";"HALMAHERA TENGAH";"MALUKU UTARA";"Ni";"OPERASI PRODUKSI";"IUP";"0";"0";"483";"Kecil";"Active";"20.0";"2013-04-29";"2033-04-29";"-0.1329";"129.484";"5.03";"0.37";"11.06"
"1535";"2185000000";"Nikel Loji";"OBI";"HALMAHERA SELATAN";"MALUKU UTARA";"Ni";"OPERASI PRODUKSI";"IUP";"49000000";"54887";"1276.99";"Menengah";"Active";"8.6";"2020-09-14";"2029-04-05";"-1.5774";"127.441";"5.33";"0.62";"4.81"
"1536";"2186000000";"Nikel Baru 2";"OBI";"HALMAHERA SELATAN";"MALUKU UTARA";"Ni";"OPERASI PRODUKSI";"IUP";"80701500";"988593375";"1317";"Menengah";"Active";"20.0";"2016-06-15";"2036-06-15";"-1.4716";"127.541";"17.84";"3.34";"11.92"
"1537";"2187000000";"Nikel Baru 3";"OBI";"HALMAHERA SELATAN";"MALUKU UTARA";"Ni";"OPERASI PRODUKSI";"IUP";"128000000";"161280";"1935";"Menengah";"Active";"20.0";"2013-03-06";"2033-03-06";"-1.4411";"127.559";"15.48";"2.47";"13.99"
"1539";"2189000000";"Nikel Weda";"KOTAMABA";"HALMAHERA TIMUR";"MALUKU UTARA";"Ni";"OPERASI PRODUKSI";"IUP";"294664000";"3373085275";"24700";"Besar";"Active";"20.0";"2016-05-09";"2036-05-09";"0.795";"128.106";"17.44";"6.35";"16.83"
"1540";"2190000000";"Nikel Sawai";"WEDA TENGAH";"HALMAHERA TENGAH";"MALUKU UTARA";"Ni";"OPERASI PRODUKSI";"IUP";"61250000";"0";"7726";"Besar";"Active";"14.1";"2016-11-20";"2030-12-15";"0.62";"128.009";"35.70";"6.85";"15.80"
"1541";"2191000000";"Nikel Wasile 2";"WASILE SELATAN";"HALMAHERA TIMUR";"MALUKU UTARA";"Ni";"OPERASI PRODUKSI";"IUP";"82250000";"978775";"13510";"Besar";"Active";"14.0";"2016-11-09";"2030-11-09";"0.731";"127.925";"38.71";"0.06";"29.02"
"1543";"2193000000";"Nikel Fluk";"OBI SELATAN";"HALMAHERA SELATAN";"MALUKU UTARA";"Ni";"OPERASI PRODUKSI";"IUP";"0";"0";"2314";"Menengah";"Active";"20.0";"2020-12-04";"2040-12-04";"-1.621";"127.742";"32.37";"2.06";"36.58"
"1544";"2522000000";"Nikel Lengora";"KABAENA TIMUR";"BOMBANA";"SULAWESI TENGGARA";"Ni";"EKSPLORASI";"IUP";"0";"0";"5891";"Besar";"Active";"10.0";"2023-08-03";"2033-08-03";"-5.206";"122.042";"0.00";"0.00";"0.00"
"1545";"2523000000";"Nikel Mosolo";"WAWONII TENGGARA";"KONAWE KEPULAUAN";"SULAWESI TENGGARA";"Ni";"EKSPLORASI";"IUP";"0";"0";"3175";"Menengah";"Active";"18.4";"2010-08-02";"2028-12-30";"-4.193";"123.153";"0.00";"0.00";"0.00"
"1546";"2524000000";"Nikel Nambo Jaya";"WAWONII TENGGARA";"KONAWE KEPULAUAN";"SULAWESI TENGGARA";"Ni";"EKSPLORASI";"IUP";"0";"0";"3175";"Menengah";"Active";"18.4";"2010-08-02";"2028-12-30";"-4.23";"123.138";"0.00";"0.00";"0.00"
"1547";"2525000000";"Nikel Latambaga";"WAWONII TENGAH";"KONAWE KEPULAUAN";"SULAWESI TENGGARA";"Ni";"EKSPLORASI";"IUP";"0";"0";"958";"Kecil";"Active";"18.9";"2010-01-10";"2028-11-14";"-4.086";"123.021";"0.00";"0.00";"0.00"
"1550";"2528000000";"Nikel Emerald";"WOLO";"KOLAKA";"SULAWESI TENGGARA";"Ni";"OPERASI PRODUKSI";"IUP";"0";"0";"6785";"Besar";"Active";"20.0";"2012-04-23";"2032-04-23";"-3.868";"121.24";"42.90";"1.20";"6.64"
"1551";"2529000000";"Nikel Saphire";"WOLO";"KOLAKA";"SULAWESI TENGGARA";"Ni";"OPERASI PRODUKSI";"IUP";"0";"0";"6785";"Besar";"Active";"20.0";"2012-04-23";"2032-04-23";"-3.876";"121.28";"38.61";"1.89";"3.19"
"1552";"2530000000";"Nikel Blok SK 1 Pondidaha";"PONDIDAHA";"KONAWE";"SULAWESI TENGGARA";"Ni";"OPERASI PRODUKSI";"IUP";"10399500";"127393875";"100";"Kecil";"Active";"19.8";"2008-05-25";"2028-03-25";"-3.91";"122.27";"34.97";"1.09";"16.55"
"1553";"2531000000";"Nikel Tambea";"POMALAA";"KOLAKA";"SULAWESI TENGGARA";"Ni";"OPERASI PRODUKSI";"IUP";"5000000";"5775";"260";"Kecil";"Active";"10.0";"2017-08-26";"2027-08-26";"-4.2548";"121.622";"9.24";"0.18";"6.48"
"1554";"2532000000";"Nikel Boenaga 1";"MOLAWE";"KONAWE UTARA";"SULAWESI TENGGARA";"Ni";"OPERASI PRODUKSI";"IUP";"60589450";"76342707";"175";"Kecil";"Active";"20.0";"2012-04-03";"2032-04-03";"-3.4394";"122.38";"62.86";"0.02";"44.85"
"1555";"2533000000";"Nikel Patikala 4 Blok Selatan";"TOLALA";"KOLAKA UTARA";"SULAWESI TENGGARA";"Ni";"OPERASI PRODUKSI";"IUP";"81921670";"10069811465";"500";"Kecil";"Active";"15.0";"2012-12-05";"2027-12-05";"-2.8586";"121";"13.21";"6.96";"52.75"
"1556";"2534000000";"Nikel Teomokole";"KABAENA SELATAN";"BOMBANA";"SULAWESI TENGGARA";"Ni";"OPERASI PRODUKSI";"IUP";"6000000";"6930";"2018";"Menengah";"Active";"10.7";"2021-12-15";"2032-09-07";"-5.2946";"121.858";"7.88";"0.18";"46.56"
"1558";"2536000000";"Nikel Longkoga Barat 1";"BUALEMO";"BANGGAI";"SULAWESI TENGAH";"Ni";"OPERASI PRODUKSI";"IUP";"0";"0";"4335";"Menengah";"Expired";"0.0";"2017-04-19";"0000-00-00";"-0.6975";"123.034";"38.50";"2.70";"235.03"
"1559";"2537000000";"Nikel Singkoyo";"TOILI";"BANGGAI";"SULAWESI TENGAH";"Ni";"OPERASI PRODUKSI";"IUP";"0";"0";"4100";"Menengah";"Active";"19.7";"2015-09-02";"2035-05-15";"-1.4162";"122.322";"34.30";"0.15";"125.56"
"1560";"2538000000";"Nikel Piondo";"TOILI BARAT";"BANGGAI";"SULAWESI TENGAH";"Ni";"OPERASI PRODUKSI";"IUP";"0";"0";"4100";"Menengah";"Active";"19.7";"2015-09-02";"2035-05-15";"-1.4652";"122.246";"44.31";"0.02";"115.59"
"1561";"2539000000";"Nikel Blok Gunung Keramat";"TOILI BARAT";"BANGGAI";"SULAWESI TENGAH";"Ni";"OPERASI PRODUKSI";"IUP";"0";"0";"3447";"Menengah";"Active";"19.5";"2015-09-02";"2035-03-05";"1.5975";"122.083";"34.21";"0.97";"92.92"
"1562";"2540000000";"Nikel Blok Rata";"TOILI BARAT";"BANGGAI";"SULAWESI TENGAH";"Ni";"OPERASI PRODUKSI";"IUP";"0";"0";"3447";"Menengah";"Active";"19.5";"2015-09-02";"2035-03-05";"-1.5733";"122.141";"41.13";"0.51";"99.84"
"1563";"2541000000";"Nikel Blok Gunung Keramat 1";"TOILI BARAT";"BANGGAI";"SULAWESI TENGAH";"Ni";"OPERASI PRODUKSI";"IUP";"0";"0";"4398";"Menengah";"Active";"19.6";"2015-09-02";"2035-03-28";"-1.5105";"122.209";"51.07";"0.19";"109.67"
"1564";"2542000000";"Nikel Sumber Agung";"NUHON";"BANGGAI";"SULAWESI TENGAH";"Ni";"OPERASI PRODUKSI";"IUP";"0";"0";"4677";"Menengah";"Active";"19.5";"2015-09-02";"2035-02-22";"-0.9889";"122.184";"53.60";"0.23";"142.57"
"1565";"2543000000";"Nikel Sumber Mulya";"BUNTA";"BANGGAI";"SULAWESI TENGAH";"Ni";"OPERASI PRODUKSI";"IUP";"0";"0";"4677";"Menengah";"Active";"19.5";"2015-09-02";"2035-02-22";"-0.9596";"122.234";"50.72";"0.04";"148.69"
"1566";"2544000000";"Nikel Donda";"BUNTA";"BANGGAI";"SULAWESI TENGAH";"Ni";"OPERASI PRODUKSI";"IUP";"0";"0";"4677";"Menengah";"Active";"19.5";"2015-09-02";"2035-02-22";"-0.9263";"122.286";"44.02";"0.97";"155.34"
"1568";"2546000000";"Nikel Molore";"LANGGIKIMA";"KONAWE UTARA";"SULAWESI TENGGARA";"Ni";"OPERASI PRODUKSI";"IUP";"12921580";"144721696";"195.7";"Kecil";"Active";"20.0";"2010-06-07";"2030-06-07";"-3.336";"122.288";"60.00";"0.18";"31.81"
"1569";"2547000000";"Nikel Wiwirano";"LANGGIKIMA";"KONAWE UTARA";"SULAWESI TENGGARA";"Ni";"OPERASI PRODUKSI";"IUP";"0";"0";"634.8";"Kecil";"Active";"20.0";"2010-06-23";"2030-06-23";"-3.167";"122.237";"40.54";"1.42";"13.58"
"1570";"2548000000";"Nikel Pitulua 1";"LASUSUA";"KOLAKA UTARA";"SULAWESI TENGGARA";"Ni";"OPERASI PRODUKSI";"IUP";"15125000";"16410625";"100";"Kecil";"Active";"14.9";"2011-07-04";"2026-06-04";"-3.623";"120.954";"24.28";"0.13";"45.93"
"1571";"2549000000";"Nikel Malili";"MALILI";"LUWU TIMUR";"SULAWESI SELATAN";"Ni";"OPERASI PRODUKSI";"IUP";"0";"0";"3000";"Menengah";"Active";"20.0";"2018-01-23";"2038-01-23";"-2.629";"121.138";"5.87";"0.36";"27.49"
"1572";"2550000000";"Nikel Ubulie Utara";"PULAU GEDE";"HALMAHERA TENGAH";"MALUKU UTARA";"Ni";"OPERASI PRODUKSI";"IUP";"0";"0";"315";"Kecil";"Active";"14.7";"2023-05-26";"2038-02-01";"-0.042";"129.388";"9.81";"0.13";"2.93"
"1574";"2552000000";"Nikel Batu Raja";"WASILE";"HALMAHERA TIMUR";"MALUKU UTARA";"Ni";"OPERASI PRODUKSI";"IUP";"14100000";"182042";"924";"Kecil";"Active";"7.4";"2020-06-18";"2027-10-29";"1.048";"128.144";"27.58";"2.01";"25.30"
"1575";"2553000000";"Nikel Lahimbua";"ANDOWIA";"KONAWE UTARA";"SULAWESI TENGGARA";"Ni";"OPERASI PRODUKSI";"IUP";"14389510";"181307826";"386.49";"Kecil";"Active";"13.4";"2018-10-16";"2032-03-10";"-3.522";"122.158";"68.24";"0.45";"51.20"
"1576";"2554000000";"Nikel Lameruru";"LANGGIKIMA";"KONAWE UTARA";"SULAWESI TENGGARA";"Ni";"OPERASI PRODUKSI";"IUP";"11000000";"10844";"576";"Kecil";"Active";"19.9";"2014-03-17";"2034-01-17";"-3.2491";"122.29";"50.76";"0.07";"22.24"
"1577";"2555000000";"Nikel Tapunggaya 2";"MOLAWE";"KONAWE UTARA";"SULAWESI TENGGARA";"Ni";"OPERASI PRODUKSI";"IUP";"3000000";"4800";"106";"Kecil";"Active";"20.0";"2011-10-31";"2031-10-21";"-3.3867";"122.363";"67.72";"2.24";"38.75"
"1578";"2556000000";"Nikel Blok Lameluru-Molore-Tobimeta";"LANGGIKIMA";"KONAWE UTARA";"SULAWESI TENGGARA";"Ni";"OPERASI PRODUKSI";"IUP";"0";"2943516";"461.1";"Kecil";"Active";"20.0";"2011-02-01";"2031-02-01";"-3.3404";"122.271";"60.07";"0.23";"32.23"
"1579";"2557000000";"Nikel Tapunggaya 4 (Blok Utara)";"MOLAWE";"KONAWE UTARA";"SULAWESI TENGGARA";"Ni";"OPERASI PRODUKSI";"IUP";"4200000";"48216";"310";"Kecil";"Active";"15.5";"2017-06-05";"2032-12-12";"-3.3543";"122.275";"61.67";"0.43";"33.73"
"1580";"2558000000";"Nikel Lamonae 4";"LANGGIKIMA";"KONAWE UTARA";"SULAWESI TENGGARA";"Ni";"OPERASI PRODUKSI";"IUP";"0";"0";"1411.35";"Menengah";"Active";"20.0";"2013-07-30";"2033-07-30";"-3.2131";"122.287";"46.86";"1.71";"18.25"
"1581";"2559000000";"Nikel Pasir Panjang Boedingle";"MOLAWE";"KONAWE UTARA";"SULAWESI TENGGARA";"Ni";"OPERASI PRODUKSI";"IUP";"15153110";"20683995150";"200";"Kecil";"Active";"19.0";"2012-05-21";"2031-05-21";"-3.455";"122.382";"61.16";"0.31";"46.58"
"1582";"2560000000";"Nikel Wawalalindu";"MOLAWE";"KONAWE UTARA";"SULAWESI TENGGARA";"Ni";"OPERASI PRODUKSI";"IUP";"45766500";"579861555";"102.6";"Kecil";"Active";"20.0";"2010-12-14";"2030-12-14";"-3.577";"122.194";"61.05";"0.06";"51.45"
"1583";"2561000000";"Nikel Blok I dan Blok II Tapunggaya";"MOLAWE";"KONAWE UTARA";"SULAWESI TENGGARA";"Ni";"OPERASI PRODUKSI";"IUP";"0";"0";"251";"Kecil";"Active";"13.1";"2019-01-29";"2032-02-28";"-3.5948";"122.192";"59.87";"0.02";"42.46"
"1585";"2563000000";"Nikel Parasi";"PALANGGA SELATAN";"KONAWE SELATAN";"SULAWESI TENGGARA";"Ni";"OPERASI PRODUKSI";"IUP";"220900000";"262871";"1226";"Menengah";"Active";"10.0";"2018-07-28";"2028-07-28";"-4.371";"122.404";"10.23";"0.27";"10.74"
"1586";"2564000000";"Nikel Blok Tanjung Baja";"WOLO";"KOLAKA";"SULAWESI TENGGARA";"Ni";"OPERASI PRODUKSI";"IUP";"20166090";"254092734";"210.3";"Kecil";"Active";"10.0";"2020-07-27";"2030-07-26";"-3.862";"121.281";"37.00";"1.16";"2.11"
"1587";"2565000000";"Nikel Tolala 1";"TOLALA";"KOLAKA UTARA";"SULAWESI TENGGARA";"Ni";"OPERASI PRODUKSI";"IUP";"0";"0";"221";"Kecil";"Active";"15.0";"2012-01-12";"2027-01-12";"-2.891";"121.107";"17.37";"2.27";"46.55"
"1588";"2566000000";"Nikel Blok II Lelewawo";"BATU PUTIH";"KOLAKA UTARA";"SULAWESI TENGGARA";"Ni";"OPERASI PRODUKSI";"IUP";"3500000";"3675";"210";"Kecil";"Active";"9.7";"2021-07-23";"2031-04-12";"-3.0244";"121.057";"31.56";"0.26";"61.64"
"1590";"2568000000";"Nikel Batuawu";"KABAENA SELATAN";"BOMBANA";"SULAWESI TENGGARA";"Ni";"OPERASI PRODUKSI";"IUP";"21153870";"236923344";"1533";"Menengah";"Active";"10.1";"2022-12-12";"2032-12-29";"-5.3521";"121.878";"13.58";"1.42";"52.08"
"1591";"2569000000";"Nikel Tapuhaka";"KABAENA TIMUR";"BOMBANA";"SULAWESI TENGGARA";"Ni";"OPERASI PRODUKSI";"IUP";"2335560";"349866888";"414";"Kecil";"Active";"10.0";"2023-06-22";"2033-06-22";"-5.3198";"122.025";"2.77";"0.04";"47.29"
"1592";"2570000000";"Nikel Lamkema";"KABAENA SELATAN";"BOMBANA";"SULAWESI TENGGARA";"Ni";"OPERASI PRODUKSI";"IUP";"5151560";"7717036880";"2128";"Menengah";"Active";"10.0";"2020-10-07";"2030-10-06";"-5.3318";"121.894";"13.42";"3.95";"49.51"
"1593";"2571000000";"Nikel Padabaho";"BAHODOPI";"MOROWALI";"SULAWESI TENGAH";"Ni";"OPERASI PRODUKSI";"IUP";"0";"0";"196";"Kecil";"Active";"19.9";"2014-11-21";"2034-10-10";"-2.91";"122.182";"11.47";"1.65";"8.79"
"1594";"2572000000";"Nikel Lambolo 1";"PETASIA";"MOROWALI UTARA";"SULAWESI TENGAH";"Ni";"OPERASI PRODUKSI";"IUP";"8089740";"9479223950";"974";"Kecil";"Active";"20.0";"2012-03-16";"2032-03-15";"-1.937";"121.292";"6.98";"1.25";"3.34"
"1595";"2573000000";"Nikel Korowou";"LEMBO";"MOROWALI UTARA";"SULAWESI TENGAH";"Ni";"OPERASI PRODUKSI";"IUP";"22714130";"27506811430";"4656";"Menengah";"Active";"15.3";"2017-08-09";"2032-11-12";"-2.14";"121.365";"17.95";"1.73";"22.40"
"1596";"2574000000";"Nikel Lalampu 1";"BAHODOPI";"MOROWALI";"SULAWESI TENGAH";"Ni";"OPERASI PRODUKSI";"IUP";"0";"0";"775";"Kecil";"Active";"10.2";"2022-02-16";"2032-04-19";"-2.7957";"122.103";"7.04";"0.01";"1.93"
"1597";"2575000000";"Nikel Sumbatu";"BAHODOPI";"MOROWALI";"SULAWESI TENGAH";"Ni";"OPERASI PRODUKSI";"IUP";"219742280";"310321939340";"3339.23";"Menengah";"Active";"20.0";"2018-05-15";"2038-05-15";"-2.82";"121.994";"19.03";"5.56";"9.79"
"1598";"2576000000";"Nikel Solonsa";"WITA PONDA";"MOROWALI";"SULAWESI TENGAH";"Ni";"OPERASI PRODUKSI";"IUP";"534869825";"51294016218";"480";"Kecil";"Active";"19.0";"2010-10-16";"2029-10-16";"-2.223";"121.542";"27.28";"1.79";"39.56"
"1599";"2577000000";"Nikel Torette 1";"BUNGKU SELATAN";"MOROWALI";"SULAWESI TENGAH";"Ni";"OPERASI PRODUKSI";"IUP";"33000000";"39270";"1301";"Menengah";"Active";"16.9";"2012-06-19";"2029-05-06";"-2.994";"122.214";"21.34";"0.90";"8.74"
"1600";"2578000000";"Nikel Buleleng";"BUNGKU SELATAN";"MOROWALI";"SULAWESI TENGAH";"Ni";"OPERASI PRODUKSI";"IUP";"0";"0";"1301";"Menengah";"Active";"16.9";"2012-06-19";"2029-05-06";"-3.023";"122.232";"23.90";"0.31";"5.16"
"1601";"2579000000";"Nikel Molino 2";"PETASIA TIMUR";"MOROWALI UTARA";"SULAWESI TENGAH";"Ni";"OPERASI PRODUKSI";"IUP";"768320";"1229312";"424";"Kecil";"Active";"10.0";"2020-09-22";"2030-09-22";"-2.139";"121.473";"22.10";"0.40";"27.52"
"1602";"2580000000";"Nikel Sumber Agung 1";"TOILI BARAT";"BANGGAI";"SULAWESI TENGAH";"Ni";"OPERASI PRODUKSI";"IUP";"0";"0";"3099";"Menengah";"Active";"19.7";"2015-09-02";"2035-05-14";"-1.353";"122.223";"41.81";"3.32";"119.60"
"1604";"2787000000";"Nikel Blok Cetara Lalampu";"BUNGKU SELATAN";"MOROWALI";"SULAWESI TENGAH";"Ni";"EKSPLORASI";"IUP";"5800000";"68614";"199";"Kecil";"Active";"10.0";"2021-10-19";"2031-10-18";"-2.781";"122.075";"0.00";"0.00";"0.00"
"1606";"2788000000";"Nikel Binanga";"MOLAWE";"KONAWE UTARA";"SULAWESI TENGGARA";"Ni";"OPERASI PRODUKSI";"IUP";"1979250";"2528491875";"185";"Kecil";"Active";"20.0";"2011-06-23";"2031-06-23";"-3.3755";"122.309";"64.80";"0.59";"36.36"
"1607";"2789000000";"Nikel Blok B Lameluru";"LANGGIKIMA";"KONAWE UTARA";"SULAWESI TENGGARA";"Ni";"OPERASI PRODUKSI";"IUP";"20985670";"26225801840";"1975";"Menengah";"Active";"20.0";"2010-12-14";"2030-12-13";"-3.2635";"122.28";"52.04";"0.92";"23.75"
"1608";"2790000000";"Nikel Wulu";"TALAGA RAYA";"BUTON";"SULAWESI TENGGARA";"Ni";"OPERASI PRODUKSI";"IUP";"22300000";"276297";"2834.96";"Menengah";"Active";"20.0";"2007-07-12";"2027-07-11";"-5.436";"122.001";"13.98";"0.51";"59.96"
"1609";"2791000000";"Nikel Waturambaha 1";"LASOLO";"KONAWE UTARA";"SULAWESI TENGGARA";"Ni";"OPERASI PRODUKSI";"IUP";"11634070";"154733131";"539";"Kecil";"Active";"20.0";"2011-08-23";"2031-08-23";"-3.3628";"122.303";"63.28";"0.11";"34.90"
"1610";"2792000000";"Nikel Lawaki Jaya";"TOLALA";"KOLAKA UTARA";"SULAWESI TENGGARA";"Ni";"OPERASI PRODUKSI";"IUP";"71070910";"87061864750";"404";"Kecil";"Active";"20.0";"2013-03-15";"2033-03-15";"-2.8389";"121.067";"10.67";"0.25";"45.59"
"1611";"2793000000";"Nikel Mosiku";"BATUPUTIH DAN TOLALA";"KOLAKA UTARA";"SULAWESI TENGGARA";"Ni";"OPERASI PRODUKSI";"IUP";"27635630";"35636302940";"738";"Kecil";"Active";"15.0";"2011-08-16";"2026-08-11";"-2.8405";"121.06";"10.66";"0.00";"46.28"
"1612";"2794000000";"Nikel Tapunggaya 3";"MOLAWE";"KONAWE UTARA";"SULAWESI TENGGARA";"Ni";"OPERASI PRODUKSI";"IUP";"31666410";"31033081800";"218.21";"Kecil";"Active";"7.3";"2024-11-19";"2032-03-10";"-3.5238";"122.177";"66.63";"0.48";"49.84"
"1613";"2795000000";"Nikel Tapunggaya 4 (Blok Selatan)";"MOLAWE";"KONAWE UTARA";"SULAWESI TENGGARA";"Ni";"OPERASI PRODUKSI";"IUP";"5600000";"65464";"310";"Kecil";"Active";"15.5";"2017-06-05";"2032-12-12";"-3.3728";"122.266";"63.49";"0.64";"35.82"
"1614";"2796000000";"Nikel Lameruru 1";"LANGGIKIMA";"KONAWE UTARA";"SULAWESI TENGGARA";"Ni";"OPERASI PRODUKSI";"IUP";"0";"0";"226.51";"Kecil";"Active";"10.4";"2020-05-04";"2030-09-16";"-3.2574";"122.303";"52.06";"0.09";"23.34"
"1615";"2797000000";"Nikel Labokeo";"LAEYA";"KONAWE SELATAN";"SULAWESI TENGGARA";"Ni";"OPERASI PRODUKSI";"IUP";"0";"0";"1185";"Menengah";"Active";"10.0";"2019-10-09";"2029-10-09";"-4.3608";"122.488";"10.11";"0.17";"17.94"
"1616";"2798000000";"Nikel Soa Gimalaha";"KOTA MABA";"HALMAHERA TIMUR";"MALUKU UTARA";"Ni";"OPERASI PRODUKSI";"IUP";"68756540";"0";"2000";"Menengah";"Active";"20.0";"2011-03-10";"2031-03-10";"0.6194";"128.282";"23.12";"3.00";"25.21"
"1620";"2802000000";"Nikel Sepoh";"WEDA";"HALMAHERA TENGAH";"MALUKU UTARA";"Ni";"OPERASI PRODUKSI";"IUP";"0";"0";"2080";"Menengah";"Active";"14.4";"2018-06-04";"2032-10-10";"0.5249";"128.048";"29.17";"4.40";"7.92"
"1622";"2804000000";"Nikel Pongkalaero 1";"KABAENA SELATAN";"BOMBANA";"SULAWESI TENGGARA";"Ni";"OPERASI PRODUKSI";"IUP";"5900000";"77308";"531.3";"Kecil";"Expired";"-89.3";"2019-07-31";"1930-04-22";"-5.3739";"121.909";"16.78";"2.07";"53.78"
"1623";"2805000000";"Nikel Lalampu 2";"BUNGKU SELATAN";"MOROWALI";"SULAWESI TENGAH";"Ni";"OPERASI PRODUKSI";"IUP";"0";"0";"775";"Kecil";"Active";"10.2";"2022-02-16";"2032-04-19";"-2.8126";"122.076";"9.91";"0.89";"1.96"
"1624";"2806000000";"Nikel Kolo Bawah";"MAMOSALATO";"MOROWALI UTARA";"SULAWESI TENGAH";"Ni";"OPERASI PRODUKSI";"IUP";"230000";"25641";"199.5";"Kecil";"Active";"9.7";"2022-08-02";"2032-04-18";"-1.6829";"121.898";"11.57";"0.08";"70.25"
"1625";"2807000000";"Nikel Bungintibe";"PETASIA TIMUR";"MOROWALI UTARA";"SULAWESI TENGAH";"Ni";"OPERASI PRODUKSI";"IUP";"100526050";"116072403300";"1205";"Menengah";"Active";"10.3";"2022-07-14";"2032-10-22";"-2.0949";"121.414";"11.21";"1.18";"19.77"
"1626";"2808000000";"Nikel Buleleng 1";"BUNGKU SELATAN";"MOROWALI";"SULAWESI TENGAH";"Ni";"OPERASI PRODUKSI";"IUP";"91665190";"962484495";"514";"Kecil";"Active";"19.8";"2011-09-24";"2031-06-22";"-3.038";"122.234";"26.62";"0.22";"4.19"
"1627";"2809000000";"Nikel Ungkaya 1";"WITAPONFA";"MOROWALI";"SULAWESI TENGAH";"Ni";"OPERASI PRODUKSI";"IUP";"10862680";"129265892";"743";"Kecil";"Active";"15.0";"2016-10-31";"2031-10-31";"-2.2587";"121.548";"31.15";"2.08";"39.27"
"1628";"2810000000";"Nikel Siuna 2";"PAGIMANA";"BANGGAI";"SULAWESI TENGAH";"Ni";"OPERASI PRODUKSI";"IUP";"44400000";"54390";"938";"Kecil";"Active";"10.0";"2016-08-19";"2026-08-19";"-0.7334";"122.991";"32.40";"0.82";"228.90"
"1629";"2811000000";"Nikel Torette 2";"BUNGKU SELATAN";"MOROWALI";"SULAWESI TENGAH";"Ni";"OPERASI PRODUKSI";"IUP";"90048000";"11099284";"688";"Kecil";"Active";"22.0";"2013-12-13";"2035-12-13";"-2.9681";"122.204";"18.26";"1.23";"11.62"
"1630";"2812000000";"Nikel Towi";"PETASIA DAN SOYOJAYA";"MOROWALI UTARA";"SULAWESI TENGAH";"Ni";"OPERASI PRODUKSI";"IUP";"385224660";"456105961234";"2641";"Menengah";"Active";"11.8";"2019-09-19";"2031-07-11";"-1.9004";"121.257";"12.43";"1.66";"8.58"
"1631";"2813000000";"Nikel Tapunggaya 5";"LASOLO";"KONAWE UTARA";"SULAWESI TENGGARA";"Ni";"OPERASI PRODUKSI";"IUP";"253080233";"318881093580";"218";"Kecil";"Active";"20.0";"2011-07-27";"2031-07-27";"-3.3867";"122.363";"67.71";"2.26";"38.74"
"1632";"2814000000";"Nikel Tapu Boedingin";"LASOLO";"KONAWE UTARA";"SULAWESI TENGGARA";"Ni";"OPERASI PRODUKSI";"IUP";"4500";"55125";"102";"Kecil";"Active";"13.8";"2018-03-02";"2031-12-23";"-3.457";"122.37";"61.45";"1.33";"46.46"
"1633";"2815000000";"Nikel Kiaea";"PALANGGA";"KONAWE SELATAN";"SULAWESI TENGGARA";"Ni";"OPERASI PRODUKSI";"IUP";"10000000";"12600";"1226";"Menengah";"Active";"10.0";"2018-07-28";"2028-07-28";"-4.3708";"122.404";"10.25";"0.29";"10.76"
"1634";"2816000000";"Nikel Blok Pongkeru dan Blok Harapan";"MALILI";"LUWU TIMUR";"SULAWESI SELATAN";"Ni";"OPERASI PRODUKSI";"IUP";"0";"0";"303";"Kecil";"Active";"10.0";"2021-09-10";"2031-09-17";"-2.7885";"121.153";"11.03";"0.45";"34.77"
"1635";"2817000000";"Nikel Wailukum 2";"KOTA MABA";"HALMAHERA TIMUR";"MALUKU UTARA";"Ni";"OPERASI PRODUKSI";"IUP";"0";"0";"122.7";"Kecil";"Active";"19.8";"2011-10-19";"2031-08-18";"0.7376";"128.231";"10.41";"0.52";"12.04"
"1636";"2818000000";"Nikel Buli Karya";"MABA";"HALMAHERA TIMUR";"MALUKU UTARA";"Ni";"OPERASI PRODUKSI";"IUP";"180000000";"224784";"4953";"Menengah";"Active";"19.0";"2018-07-17";"2037-07-17";"0.9004";"128.181";"11.89";"8.18";"9.72"
"1637";"2840000000";"Nikela Malamala Utara";"OBI";"HALMAHERA SELATAN";"MALUKU UTARA";"Ni";"OPERASI PRODUKSI";"IUP";"88000000";"78400";"1800";"Menengah";"Active";"12.7";"2017-05-29";"2030-01-28";"-1.5083";"127.389";"4.94";"0.12";"4.43"
"1638";"2841000000";"Nikel Sagea";"WEDA UTARA";"HALMAHERA TENGAH";"MALUKU UTARA";"Ni";"OPERASI PRODUKSI";"IUP";"0";"0";"688";"Kecil";"Active";"11.6";"2018-06-04";"2029-12-21";"0.5449";"128.081";"33.32";"6.21";"12.20"
"1639";"2842000000";"Nikel Sagea 1";"WEDA UTARA";"HALMAHERA TENGAH";"MALUKU UTARA";"Ni";"OPERASI PRODUKSI";"IUP";"0";"0";"688";"Kecil";"Active";"11.6";"2018-06-04";"2029-12-21";"0.5499";"128.081";"33.72";"6.76";"12.55"
"1640";"2843000000";"Nikel Prospek Bravo Romeo 1";"ROUTA";"KONAWE";"SULAWESI TENGGARA";"Ni";"OPERASI PRODUKSI";"IUP";"0";"0";"21100";"Besar";"Active";"17.8";"2019-11-18";"2037-09-14";"-2.9849";"121.806";"44.43";"7.88";"35.14"
"1641";"2844000000";"Nikel Prospek Bravo Romeo 2 dan 3";"ROUTA";"KONAWE";"SULAWESI TENGGARA";"Ni";"OPERASI PRODUKSI";"IUP";"0";"0";"21100";"Besar";"Active";"17.8";"2019-11-18";"2037-09-14";"-2.9849";"121.806";"44.43";"7.88";"35.14"
"1642";"2845000000";"Nikel Prospek Delta Sierra";"ROUTA";"KONAWE";"SULAWESI TENGGARA";"Ni";"OPERASI PRODUKSI";"IUP";"0";"0";"21100";"Besar";"Active";"17.8";"2019-11-18";"2037-09-14";"-2.9849";"121.806";"44.43";"7.88";"35.14"
"1643";"2846000000";"Nikel Lengora 1 (Blok A 2)";"KABAENA TENGAH";"BOMBANA";"SULAWESI TENGGARA";"Ni";"OPERASI PRODUKSI";"IUP";"108625315";"14325706112";"3450";"Menengah";"Active";"12.4";"2019-08-28";"2032-01-30";"-5.1453";"121.967";"10.72";"1.72";"27.89"
"1644";"2847000000";"Nikel Lengora 1 (Blok A 7)";"KABAENA TENGAH";"BOMBANA";"SULAWESI TENGGARA";"Ni";"OPERASI PRODUKSI";"IUP";"11738470";"13094960042";"3450";"Menengah";"Active";"12.4";"2019-08-28";"2032-01-30";"-5.1453";"121.967";"10.72";"1.72";"27.89"
"1645";"2848000000";"Nikel Lengora 1 (Blok AB)";"KABAENA TENGAH";"BOMBANA";"SULAWESI TENGGARA";"Ni";"OPERASI PRODUKSI";"IUP";"345002";"0";"3450";"Menengah";"Active";"12.4";"2019-08-28";"2032-01-30";"-5.1453";"121.967";"10.72";"1.72";"27.89"
"1646";"2849000000";"Nikel Lengora 1 (Blok A 12)";"KABAENA TENGAH";"BOMBANA";"SULAWESI TENGGARA";"Ni";"OPERASI PRODUKSI";"IUP";"0";"0";"3450";"Menengah";"Active";"12.4";"2019-08-28";"2032-01-30";"-5.1453";"121.967";"10.72";"1.72";"27.89"
"1647";"2850000000";"Nikel Lengora 1 (Blok A 15)";"KABAENA TENGAH";"BOMBANA";"SULAWESI TENGGARA";"Ni";"OPERASI PRODUKSI";"IUP";"0";"0";"3450";"Menengah";"Active";"12.4";"2019-08-28";"2032-01-30";"-5.1453";"121.967";"10.72";"1.72";"27.89"
"1648";"2851000000";"Nikel Lengora 1 (Blok B1)";"KABAENA TENGAH";"BOMBANA";"SULAWESI TENGGARA";"Ni";"OPERASI PRODUKSI";"IUP";"0";"0";"3450";"Menengah";"Active";"12.4";"2019-08-28";"2032-01-30";"-5.1453";"121.967";"10.72";"1.72";"27.89"
"1649";"2852000000";"Nikel Maba Sangaji";"KOTA MABA";"HALMAHERA TIMUR, HALMAHERA TENGAH";"MALUKU UTARA";"Ni";"OPERASI PRODUKSI";"IUP";"0";"0";"3986";"Menengah";"Active";"20.0";"2018-08-30";"2038-08-30";"0.713";"128.077";"23.92";"7.95";"24.06"
"1650";"2853000000";"Nikel Mabapura";"MABA KOTA";"HALMAHERA TIMUR";"MALUKU UTARA";"Ni";"OPERASI PRODUKSI";"IUP";"0";"0";"394.1";"Kecil";"Active";"19.0";"2009-10-29";"2028-10-29";"0.8112";"128.205";"6.31";"0.10";"6.14"
"1651";"2854000000";"Nikel Sambalagi 1";"BUNGKU PESISIR";"MOROWALI";"SULAWESI TENGAH";"Ni";"OPERASI PRODUKSI";"IUP";"66800000";"84168";"477";"Kecil";"Active";"10.0";"2021-09-24";"2031-09-24";"-3.1301";"122.273";"37.59";"1.63";"8.98"
"1653";"2856000000";"Nikel Rapalemba";"AMPANA KOTA";"TOJO UNA-UNA";"SULAWESI TENGAH";"Ni";"OPERASI PRODUKSI";"IUP";"92357720";"1228357676";"10800";"Besar";"Active";"20.0";"2011-05-24";"2031-05-24";"-0.9889";"122.184";"57.05";"0.21";"142.55"
"1656";"2859000000";"Nikel Tamainusi 3";"SAYO JAYA";"MOROWALI UTARA";"SULAWESI TENGAH";"Ni";"OPERASI PRODUKSI";"IUP";"27190000";"0";"339";"Kecil";"Active";"10.0";"2023-09-20";"2033-09-20";"-1.8369";"121.221";"19.99";"6.68";"16.15"
"1657";"2860000000";"Nikel Towi";"SAYO JAYA";"MOROWALI UTARA";"SULAWESI TENGAH";"Ni";"OPERASI PRODUKSI";"IUP ";"15300000";"189567";"160";"Kecil";"Active";"21.0";"2010-03-24";"2031-03-25";"-1.8607";"121.341";"11.46";"0.43";"9.27"
"1658";"2861000000";"Nikel Sumbatu 1";"BAHODOPI";"MOROWALI";"SULAWESI TENGAH";"Ni";"OPERASI PRODUKSI";"IUP";"33100000";"355684";"1942";"Menengah";"Active";"20.0";"2010-08-12";"2030-08-11";"-2.8126";"122.076";"9.88";"0.73";"1.95"
"1660";"2863000000";"Nikel Tapunggaya 6";"LASOLO";"KONAWE UTARA";"SULAWESI TENGGARA";"Ni";"OPERASI PRODUKSI";"IUP";"13610280";"16547020840";"261";"Kecil";"Active";"20.0";"2011-12-23";"2031-12-23";"-3.457";"122.37";"61.45";"1.33";"46.46"
"1661";"2941000000";"Nikel Blok DTGP-1 (A)";"LASOLO";"KONAWE UTARA";"SULAWESI TENGGARA";"Ni";"OPERASI PRODUKSI";"IUP";"15125000";"18104625";"138.2";"Kecil";"Active";"20.0";"2011-10-21";"2031-10-21";"-3.3884";"122.264";"65.15";"0.18";"37.55"
"1662";"2942000000";"Nikel Blok PT FBS";"LASUSUA";"KOLAKA UTARA";"SULAWESI TENGGARA";"Ni";"OPERASI PRODUKSI";"IUP";"0";"0";"101";"Kecil";"Expired";"5.0";"2012-01-27";"2017-01-26";"-3.563";"120.915";"16.78";"1.31";"53.29"
"1664";"2944000000";"Nikel Blok A";"PETASIA";"MOROWALI";"SULAWESI TENGAH";"Ni";"OPERASI PRODUKSI";"IUP";"2800000";"31948";"2318";"Menengah";"Active";"20.0";"2011-11-29";"2031-11-29";"-2.944";"122.099";"16.75";"7.58";"14.61"
"1665";"2945000000";"Nikel Blok 1";"BUNGKU BARAT";"MOROWALI";"SULAWESI TENGAH";"Ni";"OPERASI PRODUKSI";"IUP";"125284800";"149088912";"5690";"Besar";"Active";"20.0";"2014-09-15";"2034-09-15";"-2.388";"121.728";"53.60";"6.39";"38.56"
"1666";"2946000000";"Nikel Blok WSM 1-7";"LASOLO KEPULAUAN";"KONAWE UTARA";"SULAWESI TENGGARA";"Ni";"OPERASI PRODUKSI";"IUP";"0";"0";"203";"Kecil";"Active";"14.4";"2017-11-06";"2032-03-30";"-3.414";"122.353";"66.56";"3.59";"41.40"
