Kecamatan,Kabupaten,Nama objek,Nomor Lokasi Keterdapatan,Komoditi,Kode Unsur,Kelompok Mineral Logam,Lokasi Keterdapatan,Provinsi,Status Penyelidikan Mineral Logam,Bijih Terbukti (Ton),Logam Terbukti (Ton),keterangan,acuan,objectid,longitude,latitude,Jenis Izin,Lokasi Tambang,Luas Wilayah,Tanggal Berakhir SK,Tanggal Berlaku SK,Mine_port(meter),Mine_road(meter),Mine_Smelter(meter),License_Duration_Years,License_Status
Malili,Luwu Timur,Nikel Desa Harapan dan Desa Pongkeru,283000000,Nikel,Ni,Logam Besi dan Paduan Besi,Desa Harapan dan Desa Pongkeru,Sulawesi Selatan,Operasi Produksi,74580000,9148027,"Blok Kande Api Baru, Kande Api Lama, Landau, KM 17","PT Citra Lampia Mandiri, Laporan RKAB Tahun 2022",1301,121.153,-2.788,IUP,Desa Harapan Kec Malili Kab Luwu Timur,2660.0,2029-11-03,2018-07-06,10999.274,427.609,34735.389,11.336986301369864,Active
Towuti,Luwu Timur,Nikel Limonite Sorowako,281000000,Nikel,Ni,Logam Besi dan Paduan Besi,Limonite Sorowako,Sulawesi Selatan,Eksplorasi,0,0,"Kadar Ni 1,38%","PT INCO, RKAB 2012, Data Sumber Daya dan Cadangan per September 2011",1299,121.386,-2.617,IUPK,Blok Soroako. Kab. Luwu timur dan Kab. Morowali,70566.0,2035-12-28,2024-05-03,,,,11.66027397260274,Active
Wasuponda,Luwu Timur,Nikel Soroako-Petea HPAL,1921000000,Nikel,Ni,Logam Besi dan Paduan Besi,Soroako-Petea HPAL,Sulawesi Selatan,Eksplorasi,0,0,Saprolit,"PT INCO, RKAB 2012, Data Sumber Daya dan Cadangan per September 2011",1453,121.242,-2.642,IUPK,Blok Soroako. Kab. Luwu timur dan Kab. Morowali,70566.0,2035-12-28,2024-05-03,,,,11.66027397260274,Active
Malili,Luwu Timur,Nikel Ussu,2136000000,Nikel,Ni,Logam Besi dan Paduan Besi,Ussu,Sulawesi Selatan,Operasi Produksi,22443750,2854271728,Blok C dan Blok DEF,"PT Prima Utama Lestari, Laporan Sumber Daya dan Cadangan Tahun 2019",1485,121.075,-2.571,IUP,"Desa Ussu, Kec. Malili, Kab.Luwu Timur",1419.0,2031-04-18,2011-04-18,7801.659,1707.929,33707.756,20.013698630136986,Active
Malili,Luwu Timur,Nikel Blok Pongkeru dan Blok Harapan,2816000000,Nikel,Ni,Logam Besi dan Paduan Besi,Blok Pongkeru dan Blok Harapan,Sulawesi Selatan,Operasi Produksi,0,0,"2 blok, kadar Ni 0,6% s.d. 3,1%","PT Sumber Wahau Jaya, Laporan RKAB Tahun 2020",1634,121.153,-2.7885,IUP,Desa Harapan dan Pongkeru. Kec malili,303.0,2031-09-17,2021-09-10,11026.502,449.858,34773.727,10.024657534246575,Active
Malili,Luwu Timur,Nikel Malili,2549000000,Nikel,Ni,Logam Besi dan Paduan Besi,Malili,Sulawesi Selatan,Operasi Produksi,0,0,Limonit-Saprolit,"PT Tiga Samudera Perkasa, Laporan Eksplorasi Tahun 2016 (Tabulasi Dinas ESDM Provinsi)",1571,121.138,-2.629,IUP,"Malili, Luwu Timur",3000.0,2038-01-23,2018-01-23,5868.821,364.056,27488.922,20.013698630136986,Active
Nuha,Luwu Timur,Nikel Soroako West Block,278000000,Nikel,Ni,Logam Besi dan Paduan Besi,Soroako West Block,Sulawesi Selatan,Operasi Produksi,2694000000,1555750,Bijih kering,"PT Vale, Laporan RKAB Tahun 2020 (Tabulasi Ditjen Minerba)",1296,121.355,-2.56,IUPK,Blok Soroako. Kab. Luwu timur dan Kab. Morowali,70566.0,2035-12-28,2024-05-03,31160.467,45.123,2820.245,11.66027397260274,Active
Nuha,Luwu Timur,Nikel Soroako East Block,279000000,Nikel,Ni,Logam Besi dan Paduan Besi,Soroako East Block,Sulawesi Selatan,Operasi Produksi,0,0,-,"PT Vale, Laporan RKAB Tahun 2020 (Tabulasi Ditjen Minerba)",1297,121.393,-2.56,IUPK,Blok Soroako. Kab. Luwu timur dan Kab. Morowali,70566.0,2035-12-28,2024-05-03,35230.483,342.276,2001.533,11.66027397260274,Active
Towuti,Luwu Timur,Nikel Petea,280000000,Nikel,Ni,Logam Besi dan Paduan Besi,Petea,Sulawesi Selatan,Eksplorasi Rinci,0,0,Saprolit,"PT Vale, Laporan RKAB Tahun 2020 (Tabulasi Ditjen Minerba)",1298,121.535,-2.518,IUPK,Blok Soroako. Kab. Luwu timur dan Kab. Morowali,70566.0,2035-12-28,2024-05-03,,,,11.66027397260274,Active
Towuti,Luwu Timur,Nikel Soroako Outer SOA,282000000,Nikel,Ni,Logam Besi dan Paduan Besi,Soroako Outer SOA,Sulawesi Selatan,Eksplorasi,0,0,-,"PT Vale, Laporan RKAB Tahun 2020 (Tabulasi Ditjen Minerba)",1300,121.715,-2.675,IUPK,Blok Soroako. Kab. Luwu timur dan Kab. Morowali,70566.0,2035-12-28,2024-05-03,,,,11.66027397260274,Active
Petasia,Morowali Utara,Nikel Ganda ganda,1374000000,Nikel,Ni,Logam Besi dan Paduan Besi,Ganda ganda,Sulawesi Tengah,Eksplorasi,0,0,-,"CV Rezky Utama, Persetujuan Laporan RKAB Tahun 2021",1394,121.3467,-1.8921,IUP ,"Desa Ganda-Ganda Kec. Petasia, Morowali",200.0,2032-04-12,2012-04-19,,,,19.994520547945207,Active
Sayo Jaya,Morowali Utara,Nikel Towi,2860000000,Nikel,Ni,Logam Besi dan Paduan Besi,Towi,Sulawesi Tengah,Operasi Produksi,15300000,189567,-,"CV Surya Amindo Perkasa, Laporan RKAB Tahun 2021",1657,121.341,-1.8607,IUP ,Desa Towi Kec. Soyo Jaya,160.0,2031-03-25,2010-03-24,11459.512,425.683,9266.777,21.016438356164382,Active
Wita Ponda,Morowali,Nikel Solonsa,2576000000,Nikel,Ni,Logam Besi dan Paduan Besi,Solonsa,Sulawesi Tengah,Operasi Produksi,534869825,51294016218,Blok A-D,"PT Alaska Dwipa Perdana, Laporan RKAB Tahun 2019 (Tabulasi Dinas ESDM Provinsi)",1598,121.542,-2.223,IUP,"Desa Solonsa, Solonsa Jaya dan Ungkaya Kec. Wita Ponda, Kab. Morowali",480.0,2029-10-16,2010-10-16,27275.631,1787.489,39563.219,19.013698630136986,Active
Bahodopi,Morowali,Nikel Keurea,1381000000,Nikel,Ni,Logam Besi dan Paduan Besi,Keurea,Sulawesi Tengah,Operasi Produksi,0,0,-,"PT Ang & fang Brothers, 2013",1401,122.102,-2.795,IUP,Desa Lalampu Kec. Bahodopi,775.0,2032-04-19,2022-02-16,7111.484,51.944,1880.686,10.178082191780822,Active
Bahodopi,Morowali,Nikel Lalampu 1,2574000000,Nikel,Ni,Logam Besi dan Paduan Besi,Lalampu 1,Sulawesi Tengah,Operasi Produksi,0,0,-,"PT Ang and Fang Brothers (119 ha), Laporan RKAB Tahun 2022",1596,122.1025,-2.7957,IUP,Desa Lalampu Kec. Bahodopi,775.0,2032-04-19,2022-02-16,7041.997,14.482,1925.175,10.178082191780822,Active
Bungku Selatan,Morowali,Nikel Lalampu 2,2805000000,Nikel,Ni,Logam Besi dan Paduan Besi,Lalampu 2,Sulawesi Tengah,Operasi Produksi,0,0,"Blok I dan Blok III, kadar Ni 0,4% s.d. 1,2%, 1,2 s.d. 1,8%, 1,8 s.d. 2,4%","PT Ang and Fang Brothers (576 ha), Laporan RKAB Tahun 2022",1623,122.0757,-2.8126,IUP,Desa Lalampu Kec. Bahodopi,775.0,2032-04-19,2022-02-16,9910.423,888.488,1963.137,10.178082191780822,Active
Pagimana,Banggai,Nikel Longgona Barat,1366000000,Nikel,Ni,Logam Besi dan Paduan Besi,Longgona Barat,Sulawesi Tengah,Operasi Produksi,0,0,Blok Bualemo,"PT Anugerah Sumber Bumi, Laporan Revisi RKAB Tahun 2020",1386,122.605,-0.812,IUP,Kecamatan Bualemo,199.0,2032-03-22,2023-01-30,6301.642,35.417,189780.634,9.147945205479452,Active
Bualemo,Banggai,Nikel Longkoga Barat 1,2536000000,Nikel,Ni,Logam Besi dan Paduan Besi,Longkoga Barat 1,Sulawesi Tengah,Operasi Produksi,0,0,Blok Bolaemo dan Blok Siuna,"PT Anugrah Bangun Makmur, Laporan RKAB Tahun 2020",1558,123.0335,-0.6975,IUP,"Kec. Pagimana, Banggai",4335.0,,2017-04-19,38503.994,2700.904,235028.231,,Expired
Toili,Banggai,Nikel Singkoyo,2537000000,Nikel,Ni,Logam Besi dan Paduan Besi,Singkoyo,Sulawesi Tengah,Operasi Produksi,0,0,"Laterit wmt, kadar Ni 1,27%","PT Anugrah Bumi Gemilang, Laporan RKAB Tahun 2020",1559,122.3216,-1.4162,IUP,"Kec Toili dan Toili Barat, Kab. Banggai",4100.0,2035-05-15,2015-09-02,34303.648,148.311,125555.795,19.71232876712329,Active
Toili Barat,Banggai,Nikel Piondo,2538000000,Nikel,Ni,Logam Besi dan Paduan Besi,Piondo,Sulawesi Tengah,Operasi Produksi,0,0,"Laterit wmt, kadar Ni 1,28%","PT Anugrah Bumi Gemilang, Laporan RKAB Tahun 2020",1560,122.246,-1.4652,IUP,"Kec Toili dan Toili Barat, Kab. Banggai",4100.0,2035-05-15,2015-09-02,44306.751,20.707,115593.22,19.71232876712329,Active
Sayo Jaya,Morowali Utara,Nikel Tamainusi 3,2859000000,Nikel,Ni,Logam Besi dan Paduan Besi,Tamainusi 3,Sulawesi Tengah,Operasi Produksi,27190000,0,Tidak ada data kadar Ni,"PT Aulia Prima Perkasa, Persetejuan Laporan RKAB Tahun 2021",1656,121.221,-1.8369,IUP,"Kecamatan Soyo Jaya, Kabupaten Morowali Utara",339.0,2033-09-20,2023-09-20,19993.903,6676.42,16150.842,10.008219178082191,Active
Bungku Selatan,Morowali,Nikel Laro Enai 1,1383000000,Nikel,Ni,Logam Besi dan Paduan Besi,Laro Enai 1,Sulawesi Tengah,Operasi Produksi,33500000,33124,"Limonit Kadar 0,8 - 1,2%","PT Bima Cakra Perkasa Mineralindo, Laporan RKAB Tahun 2022",1402,122.245,-3.055,IUP,"Desa Laro'enai Kec. Bungku Selatan, Kab. Morowali",199.0,2030-08-20,2013-11-25,28766.066,170.305,2924.612,16.745205479452054,Active
Bahodopi,Morowali,Nikel Bahomoahi,273000000,Nikel,Ni,Logam Besi dan Paduan Besi,Bohomakmur,Sulawesi Tengah,Operasi Produksi,202719110,249802896770,"Blok-1,3,4,5,8","PT Bintang Delapan Mineral, Laporan RKAB Tahun 2020",1293,121.975,-2.698,IUP,"Desa Bohomoahi, Bohomotefe, Lalampu, Lele, Dampala, Siumbatu, Bahodopi, Keurea Dan Fatufia Kec. Bungku Tengah dan Bahodopi",20765.0,2027-07-20,2022-12-30,24332.333,220.809,7362.846,4.556164383561644,Active
Bungku Pesisir,Morowali,Nikel Lamantoli,1948000000,Nikel,Ni,Logam Besi dan Paduan Besi,Lamantoli,Sulawesi Tengah,Operasi Produksi,17600000,156464,Low-Medium-High Grade,"PT Bintang Sinar Perkasa, Laporan RKAB Tahun 2022",1480,122.405,-3.148,IUP,"Desa Lamontoli, Kec. Bungku Selatan, Kab. Morowali",1867.7,2036-01-16,2017-06-09,17229.187,930.283,18527.678,18.616438356164384,Active
Petasia Timur,Morowali Utara,Nikel Molino,274000000,Nikel,Ni,Logam Besi dan Paduan Besi,Molino,Sulawesi Tengah,Operasi Produksi,33500000,391615,"Kadar Ni 1,46% - 1,67%","PT Bukit Makmur Istindo Nikeltama, Laporan RKAB Tahun 2020",1294,121.479,-2.149,IUP,"Desa Tompira dan Sekitarnya, Kec. Lembo, Petasia, dan Witaponda, Kab. Morowali",4778.0,2030-01-28,2012-01-05,23370.324,5.66,28801.437,18.076712328767123,Active
Petasia Timur,Morowali Utara,Nikel Keuno,2157000000,Nikel,Ni,Logam Besi dan Paduan Besi,Keuno,Sulawesi Tengah,Operasi Produksi,18600000,217434,-,"PT Bukit Makmur Istindo Nikeltama, Laporan RKAB Tahun 2020",1506,121.492,-2.172,IUP,"Desa Tompira dan Sekitarnya, Kec. Lembo, Petasia, dan Witaponda, Kab. Morowali",4778.0,2030-01-28,2012-01-05,26249.231,878.636,31702.353,18.076712328767123,Active
Petasia Timur,Morowali Utara,Nikel Towara,2158000000,Nikel,Ni,Logam Besi dan Paduan Besi,Towara,Sulawesi Tengah,Operasi Produksi,1700000,21301,-,"PT Bukit Makmur Istindo Nikeltama, Laporan RKAB Tahun 2020",1507,121.451,-2.095,IUP,"Desa Tompira dan Sekitarnya, Kec. Lembo, Petasia, dan Witaponda, Kab. Morowali",4778.0,2030-01-28,2012-01-05,10812.484,866.623,22197.167,18.076712328767123,Active
Petasia Timur,Morowali Utara,Nikel Tompira,2159000000,Nikel,Ni,Logam Besi dan Paduan Besi,Tompira,Sulawesi Tengah,Operasi Produksi,11700000,135135,-,"PT Bukit Makmur Istindo Nikeltama, Laporan RKAB Tahun 2020",1508,121.41,-2.084,IUP,"Desa Tompira dan Sekitarnya, Kec. Lembo, Petasia, dan Witaponda, Kab. Morowali",4778.0,2030-01-28,2012-01-05,10211.082,461.175,18508.652,18.076712328767123,Active
Petasia Timur,Morowali Utara,Nikel Putemata,2160000000,Nikel,Ni,Logam Besi dan Paduan Besi,Putemata,Sulawesi Tengah,Operasi Produksi,0,0,-,"PT Bukit Makmur Istindo Nikeltama, Laporan RKAB Tahun 2020",1509,121.418,-2.108,IUP,"Desa Tompira dan Sekitarnya, Kec. Lembo, Petasia, dan Witaponda, Kab. Morowali",4778.0,2030-01-28,2012-01-05,12505.71,2683.876,21239.843,18.076712328767123,Active
Lembo,Morowali Utara,Nikel Cengkeh,2161000000,Nikel,Ni,Logam Besi dan Paduan Besi,Cengkeh,Sulawesi Tengah,Operasi Produksi,37800000,439236,-,"PT Bukit Makmur Istindo Nikeltama, Laporan RKAB Tahun 2020",1510,121.366,-2.103,IUP,"Desa Tompira dan Sekitarnya, Kec. Lembo, Petasia, dan Witaponda, Kab. Morowali",4778.0,2030-01-28,2012-01-05,12885.762,1349.126,18453.927,18.076712328767123,Active
Toili Barat,Banggai,Nikel Lembah Kramat,1369000000,Nikel,Ni,Logam Besi dan Paduan Besi,Lembah Kramat,Sulawesi Tengah,Operasi Produksi,0,0,Blok Bualemo,"PT Bumi Gemilang Perdana, Laporan RKAB Tahun 2020",1389,122.085,-1.571,IUP,Kecamatan Toili Barat,198.0,2032-03-05,2022-12-12,35775.25,2870.354,94338.716,9.235616438356164,Active
Toili Barat,Banggai,Nikel Blok Gunung Keramat,2539000000,Nikel,Ni,Logam Besi dan Paduan Besi,Blok Gunung Keramat,Sulawesi Tengah,Operasi Produksi,0,0,"Laterit wmt, kadar Ni 1,2%","PT Bumi Makmur Gemilang, Laporan RKAB Tahun 2020",1561,122.0832,1.5975,IUP,"Kec. Toili, Banggai",3447.0,2035-03-05,2015-09-02,34213.441,971.351,92917.978,19.517808219178082,Active
Toili Barat,Banggai,Nikel Blok Rata,2540000000,Nikel,Ni,Logam Besi dan Paduan Besi,Blok Rata,Sulawesi Tengah,Operasi Produksi,0,0,"Laterit wmt, kadar Ni 1,2%","PT Bumi Makmur Gemilang, Laporan RKAB Tahun 2020",1562,122.1406,-1.5733,IUP,"Kec. Toili, Banggai",3447.0,2035-03-05,2015-09-02,41130.756,513.739,99840.962,19.517808219178082,Active
Bungku Selatan,Morowali,Nikel Sambalagi,288000000,Nikel,Ni,Logam Besi dan Paduan Besi,Sambalagi,Sulawesi Tengah,Eksplorasi,0,0,"Kadar Ni 1% - 1,4%","PT Bumi Morowali Utama, 2015",1304,122.259,-3.068,IUP,Desa Laroenai Kec. Bungku Pesisir,1963.0,2026-10-20,2011-10-27,,,,14.991780821917809,Active
Bungku Barat,Morowali,Nikel Blok 1,2945000000,Nikel,Ni,Logam Besi dan Paduan Besi,Blok 1,Sulawesi Tengah,Operasi Produksi,125284800,149088912,Blok 1,"PT Bumi Routa Mining, Laporan RKAB Tahun 2022",1665,121.728,-2.388,IUP,"Desa Bahoea dan Wosu, Kec. Bungku Barat, kab. Morowali",5690.0,2034-09-15,2014-09-15,53599.062,6394.198,38564.455,20.013698630136986,Active
Bahodopi,Morowali,Nikel Sumbatu 1,2861000000,Nikel,Ni,Logam Besi dan Paduan Besi,Sumbatu 1,Sulawesi Tengah,Operasi Produksi,33100000,355684,Blok 1 - Blok 6,"PT Cahaya Ginda Ganda, Laporan RKAB Tahun 2022",1658,122.076,-2.8126,IUP,"Siumbatu, Bahodopi, Morowali",1942.0,2030-08-11,2010-08-12,9877.117,731.344,1945.202,20.01095890410959,Active
Bungku Selatan,Morowali,Nikel Blok Cetara Lalampu,2787000000,Nikel,Ni,Logam Besi dan Paduan Besi,Blok Cetara Lalampu,Sulawesi Tengah,Eksplorasi,5800000,68614,Laterit,"PT Cetara Bangun Persada, Laporan RKAB Tahun 2020",1604,122.0746,-2.781,IUP,Desa Lalampu Kecamatan Bahodopi,199.0,2031-10-18,2021-10-19,,,,10.002739726027396,Active
Mamosalato,Morowali Utara,Nikel Kolo Bawah,2806000000,Nikel,Ni,Logam Besi dan Paduan Besi,Kolo Bawah,Sulawesi Tengah,Operasi Produksi,230000,25641,"Blok A dan Blok B, kadar NI 1,49% s.d. 1,71%","PT Ganesha Wana Utama, Laporan RKAB Tahun 2020",1624,121.898,-1.6829,IUP,Desa Kolo Bawah Kec. Mamosalato,199.5,2032-04-18,2022-08-02,11565.13,81.349,70250.172,9.717808219178082,Active
Toili Barat,Banggai,Nikel Blok Gunung Keramat 1,2541000000,Nikel,Ni,Logam Besi dan Paduan Besi,Blok Gunung Keramat 1,Sulawesi Tengah,Operasi Produksi,0,0,"Laterit wmt, kadar Ni 1,4%","PT Gemilang Bangun Perkasa, Laporan RKAB Tahun 2020",1563,122.209,-1.5105,IUP,"Kec Toili dan Toili Barat, Kab Banggai",4398.0,2035-03-28,2015-09-02,51067.821,191.917,109673.516,19.58082191780822,Active
Nuhon,Banggai,Nikel Sumber Agung,2542000000,Nikel,Ni,Logam Besi dan Paduan Besi,Sumber Agung,Sulawesi Tengah,Operasi Produksi,0,0,"Laterit wmt, kadar Ni 1,5%","PT Gemilang Mandiri Perkasa, Laporan RKAB Tahun 2020",1564,122.1842,-0.9889,IUP,Kec. Bunta dan Nuhon Keb. Banggai,4677.0,2035-02-22,2015-09-02,53598.078,231.759,142569.135,19.487671232876714,Active
Bunta,Banggai,Nikel Sumber Mulya,2543000000,Nikel,Ni,Logam Besi dan Paduan Besi,Sumber Mulya,Sulawesi Tengah,Operasi Produksi,0,0,"Laterit wmt, kadar Ni 1,4%","PT Gemilang Mandiri Perkasa, Laporan RKAB Tahun 2020",1565,122.2337,-0.9596,IUP,Kec. Bunta dan Nuhon Keb. Banggai,4677.0,2035-02-22,2015-09-02,50716.229,43.135,148685.848,19.487671232876714,Active
Bunta,Banggai,Nikel Donda,2544000000,Nikel,Ni,Logam Besi dan Paduan Besi,Donda,Sulawesi Tengah,Operasi Produksi,0,0,"Laterit wmt, kadar Ni 1,4%","PT Gemilang Mandiri Perkasa, Laporan RKAB Tahun 2020",1566,122.2857,-0.9263,IUP,Kec. Bunta dan Nuhon Keb. Banggai,4677.0,2035-02-22,2015-09-02,44016.313,968.527,155336.793,19.487671232876714,Active
Lembo,Morowali Utara,Nikel Molino 1,1370000000,Nikel,Ni,Logam Besi dan Paduan Besi,Molino 1,Sulawesi Tengah,Operasi Produksi,0,0,"Blok 3A, Block 3B, Block 11A, Block 11B, Block 11C, Block 2, Block 4, Block 9, Block 10, Block 11 D","PT Genba Multi Mineral, Laporan RKAB Tahun 2020 (Tabulasi Ditjen Minerba)",1390,121.385,-2.162,IUP,"Desa Molino dan Bimor Jaya Kec. Petasia, Kab. Morowali",3744.0,2029-12-08,2016-01-19,19170.417,537.985,25307.264,13.895890410958904,Active
Bahodopi,Morowali,Nikel Tangofa,1378000000,Nikel,Ni,Logam Besi dan Paduan Besi,Tangofa,Sulawesi Tengah,Operasi Produksi,49500000,641508,"Bete-Bete/PIT 1-6, West Bete-Bete, Central, Central 2/Pit 21, APL/PIT A-C","PT Hengjaya Mineralindo, Laporan RKAB Tahun 2022",1398,122.1686,-2.9391,IUP,"Desa Padabaho, Bete-Bete, Pu'ungkeu, Tangofa, Kec. Bahodopi & Bungku Selatan",5983.0,2031-05-26,2020-07-10,14536.295,3300.312,11876.026,10.882191780821918,Active
Petasia,Morowali Utara,Nikel Ungkaya,1372000000,Nikel,Ni,Logam Besi dan Paduan Besi,Ungkaya,Sulawesi Tengah,Eksplorasi,0,0,"Blok Kolonedale West, Central dan East","PT Hoffmen International, Laporan RKAB Tahun 2020",1392,121.318,-1.879,IUP,"Desa Ganda-Ganda, Kec. Petasi",585.0,2031-03-24,2020-12-03,,,,10.30958904109589,Active
Petasia,Morowali Utara,Nikel Torete,1375000000,Nikel,Ni,Logam Besi dan Paduan Besi,Torete,Sulawesi Tengah,Operasi Produksi,0,0,-,"PT Indoberkah Jaya Mandiri, Laporan RKAB Tahun 2021",1395,121.317,-1.946,IUP,"Desa Torete, Kec. Bungku pesisir, Morowali",196.0,2034-10-10,2014-11-21,4050.242,509.154,662.173,19.898630136986302,Active
Bahodopi,Morowali,Nikel Padabaho,2571000000,Nikel,Ni,Logam Besi dan Paduan Besi,Padabaho,Sulawesi Tengah,Operasi Produksi,0,0,"Blok A, Blok B","PT Indoberkah Jaya Mandiri, Laporan Studi Kelayakan Tahun 2020",1593,122.182,-2.91,IUP,"Desa Torete, Kec. Bungku pesisir, Morowali",196.0,2034-10-10,2014-11-21,11474.393,1650.431,8791.144,19.898630136986302,Active
Petasia,Morowali Utara,Nikel Lambolo 1,2572000000,Nikel,Ni,Logam Besi dan Paduan Besi,Lambolo 1,Sulawesi Tengah,Operasi Produksi,8089740,9479223950,"Blok C1, C2, D, E","PT Itamatra Nusantara, Laporan RKAB Tahun 2021",1594,121.292,-1.937,IUP,"Desa lambolo, Kec. Petasia, Kab.Morowali",974.0,2032-03-15,2012-03-16,6981.391,1254.49,3343.002,20.01095890410959,Active
Petasia Timur,Morowali Utara,Nikel Bungintibe,2807000000,Nikel,Ni,Logam Besi dan Paduan Besi,Bungintibe,Sulawesi Tengah,Operasi Produksi,100526050,116072403300,"5 blok, kadar Ni 1,01% s.d. 1,74%","PT Keinz Ventura, Laporan RKAB Tahun 2020",1625,121.414,-2.0949,IUP,"Desa Tompira, Bungintimbe, Towara dan Molino, Kec. Petasia, Kab. Morowali",1205.0,2032-10-22,2022-07-14,11213.325,1181.302,19767.894,10.282191780821918,Active
Petasia,Morowali,Nikel Blok A,2944000000,Nikel,Ni,Logam Besi dan Paduan Besi,Blok A,Sulawesi Tengah,Operasi Produksi,2800000,31948,Blok A,"PT Maghantara Multimedia Nusaphala, Laporan RKAB Tahun 2022",1664,122.099,-2.944,IUP,Labota dan Padabao,2318.0,2031-11-29,2011-11-29,16748.465,7584.562,14613.845,20.013698630136986,Active
Bungku Selatan,Morowali,Nikel Buleleng 1,2808000000,Nikel,Ni,Logam Besi dan Paduan Besi,Buleleng 1,Sulawesi Tengah,Operasi Produksi,91665190,962484495,"Blok Utara dan Blok Selatan, kadar Ni 1,6% dan 2,6%","PT Mahligai Artha Sejahtera, Laporan RKAB Tahun 2022",1626,122.2345,-3.038,IUP,Kecamatan Bungku Pesisir,514.0,2031-06-22,2011-09-24,26622.013,220.772,4190.099,19.756164383561643,Active
Witaponfa,Morowali,Nikel Ungkaya 1,2809000000,Nikel,Ni,Logam Besi dan Paduan Besi,Ungkaya 1,Sulawesi Tengah,Operasi Produksi,10862680,129265892,"Kadar Ni 1,53% s.d. 1,71%","PT Mitra Agung Karya Lestari, Laporan RKAB Tahun 2020",1627,121.5475,-2.2587,IUP,"Desa Ungkaya, Kec. Witaponda, Morowali",743.0,2031-10-31,2016-10-31,31148.824,2083.831,39265.06,15.008219178082191,Active
Petasia,Morowali Utara,Nikel Lambolo,1373000000,Nikel,Ni,Logam Besi dan Paduan Besi,Lambolo,Sulawesi Tengah,Operasi Produksi,34741740,4196266004,"Pit 2A1-2A5, 2B, 2C1, 2C2, 3A11, 3A12, 3A21, 3A22, 3A3","PT Mulia Pasific Resources, Laporan RKAB Tahun 2022",1393,121.316,-1.983,IUP,"Desa Lambolo, Ganda-ganda dan Kolonodale, Marle dan Korolama Kec. Petasia, Kab. Morowali",4780.0,2031-04-20,2011-04-28,2934.728,1817.04,4554.3,19.991780821917807,Active
Ampana Kota,Tojo Una-Una,Nikel Rapalemba,2856000000,Nikel,Ni,Logam Besi dan Paduan Besi,Rapalemba,Sulawesi Tengah,Operasi Produksi,92357720,1228357676,"Blok B kadar Ni 1,9%","PT Multi Dinar Karya, Laporan RKAB Tahun 2021",1653,122.184,-0.9889,IUP,"Rapalemba, Uebae, Pusungi dan Marowo Kec. Ampana Kota, Ampana Tete dan Kec. Ulubongka Kab. Tojo Una-Una",10800.0,2031-05-24,2011-05-24,57051.195,211.845,142554.151,20.013698630136986,Active
Bungku Pesisir,Morowali,Nikel Matarape,1376000000,Nikel,Ni,Logam Besi dan Paduan Besi,Matarape,Sulawesi Tengah,Operasi Produksi,0,0,"Blok 4 dan Blok 5 (LGL, HGL, LGS, HGS)","PT Nusajaya Persadatama Mandiri, Laporan RKAB Tahun 2020",1396,122.275,-3.131,IUP,Menui Kepulauan,1825.0,2035-06-23,2024-06-23,37794.129,1554.464,9091.578,11.005479452054795,Active
Bahodopi,Morowali,Nikel Sumbatu,2575000000,Nikel,Ni,Logam Besi dan Paduan Besi,Sumbatu,Sulawesi Tengah,Operasi Produksi,219742280,310321939340,12 blok,"PT Oti Eya Abadi, Laporan RKAB Tahun 2020",1597,121.994,-2.82,IUP,"Desa Lele, Dampala dan Siumbatu Kecamatan Bahodopi Kabupaten Morowali Provinsi Sulawesi Tengah",3339.23,2038-05-15,2018-05-15,19028.15,5557.38,9793.034,20.013698630136986,Active
Bungku Selatan,Morowali,Nikel Laro Enai,1920000000,Nikel,Ni,Logam Besi dan Paduan Besi,Laro Enai,Sulawesi Tengah,Operasi Produksi,5664000,985536,"Blok BCL A, BCL B, Kartini B, Tiara","PT PAM Mineral, Prospektus Penawaran Saham Perdana Tahun 2020",1452,122.245,-3.042,IUP,"Desa Buleleng dan laro'enai, Kec. bungku Pesisir, kab. Morowali, Provinsi Sulawesi Tengah",198.0,2035-04-15,2024-11-17,27403.185,64.574,2946.288,10.413698630136986,Active
Pagimana,Banggai,Nikel Siuna,1367000000,Nikel,Ni,Logam Besi dan Paduan Besi,Siuna,Sulawesi Tengah,Operasi Produksi,0,0,"Blok 1,2,3,4","PT Penta Dharma Karsa, Laporan RKAB Tahun 2019 (Tabulasi Dinas ESDM Provinsi)",1387,122.99,-0.735,IUP,"Desa Siuna, Kec Pagimana, Kab. Banggai",1220.0,2026-08-19,2016-08-19,32172.685,640.858,228675.522,10.005479452054795,Active
Pagimana,Banggai,Nikel Siuna 2,2810000000,Nikel,Ni,Logam Besi dan Paduan Besi,Siuna 2,Sulawesi Tengah,Operasi Produksi,44400000,54390,"4 blok, logam ikutan bijih nikel laterit, kadar Fe %","PT Prima Dharma Karsa, Laporan RKAB Tahun 2020",1628,122.9913,-0.7334,IUP,"Desa Siuna, Kec. Pagimana, Kab. Banggai",938.0,2026-08-19,2016-08-19,32399.822,815.646,228896.312,10.005479452054795,Active
Bungku Selatan,Morowali,Nikel Torette 2,2811000000,Nikel,Ni,Logam Besi dan Paduan Besi,Torette 2,Sulawesi Tengah,Operasi Produksi,90048000,11099284,"Kadar Ni 1,1% s.d. 1,7%","PT Raihan Caturputra, Laporan RKAB Tahun 2020",1629,122.2037,-2.9681,IUP,"Desa Torete, Kecamatan Buku Pesisir, Kabupaten Morowali, Sulawesi Tengah",688.0,2035-12-13,2013-12-13,18258.875,1229.864,11624.89,22.013698630136986,Active
Lembo,Morowali Utara,Nikel Korowou,2573000000,Nikel,Ni,Logam Besi dan Paduan Besi,Korowou,Sulawesi Tengah,Operasi Produksi,22714130,27506811430,"Blok 1, Blok 2","PT Sarana Mineralindo Perkasa, Laporan RKAB Tahun 2019 (Tabulasi Dinas ESDM Provinsi)",1595,121.365,-2.14,IUP,"Desa Korowou, Molindo dan Bimor Jaya Kec. Petasia",4656.0,2032-11-12,2017-08-09,17946.518,1730.942,22398.447,15.271232876712329,Active
Toili Barat,Banggai,Nikel Sumber Agung 1,2580000000,Nikel,Ni,Logam Besi dan Paduan Besi,Sumber Agung 1,Sulawesi Tengah,Operasi Produksi,0,0,"Laterit wmt, kadar Ni 1,2%","PT Sinar Makmur Cemerlang, Laporan Revisi RKAB Tahun 2020",1602,122.223,-1.353,IUP,"Kec. Batui, Banggai",3099.0,2035-05-14,2015-09-02,41809.218,3323.626,119603.847,19.70958904109589,Active
Petasia Timur,Morowali Utara,Nikel Bimor Jaya,1947000000,Nikel,Ni,Logam Besi dan Paduan Besi,Bimor Jaya,Sulawesi Tengah,Eksplorasi,1938730609,278207842391,"Kadar Fe 21,01%","PT Sinosteel Indonesia Mining, Laporan RKAB Tahun 2020 (Tabulasi Ditjen Minerba)",1479,121.467,-2.124,IUP,Kec. Kembo raya dan Petasia,2038.7,2041-12-30,2021-12-30,,,,20.013698630136986,Active
Petasia Timur,Morowali Utara,Nikel Molino 2,2579000000,Nikel,Ni,Logam Besi dan Paduan Besi,Molino 2,Sulawesi Tengah,Operasi Produksi,768320,1229312,"Blok 1, Blok 2, Blok 3","PT Sumber Permata Selaras, Laporan RKAB Tahun 2019 (Tabulasi Dinas ESDM Provinsi)",1601,121.473,-2.139,IUP,Desa ganda-ganda Kec. Petasia,424.0,2030-09-22,2020-09-22,22098.642,399.361,27518.094,10.005479452054795,Active
Petasia dan Soyojaya,Morowali Utara,Nikel Towi,2812000000,Nikel,Ni,Logam Besi dan Paduan Besi,Towi,Sulawesi Tengah,Operasi Produksi,385224660,456105961234,"Blok GGU dan Blok GGS, saprolit dan limonit","PT Sumber Swarma Pratama, Laporan RKAB Tahun 2022",1630,121.2566,-1.9004,IUP,Desa Ganda-Ganda dan Towi Kec. Petasia dan Soyo Jaya,2641.0,2031-07-11,2019-09-19,12432.307,1658.403,8582.615,11.816438356164383,Active
Bungku Selatan,Morowali,Nikel Torette 1,2577000000,Nikel,Ni,Logam Besi dan Paduan Besi,Torette 1,Sulawesi Tengah,Operasi Produksi,33000000,39270,"Kadar Ni 1,1% - 1,7%","PT Teknik Alum Service, Laporan RKAB Tahun 2020",1599,122.214,-2.994,IUP,"Desa Buleleng dan Torete, Kec. Bungku Selatan, Kab. Morowali",1301.0,2029-05-06,2012-06-19,21336.344,897.175,8743.135,16.89041095890411,Active
Bungku Selatan,Morowali,Nikel Buleleng,2578000000,Nikel,Ni,Logam Besi dan Paduan Besi,Buleleng,Sulawesi Tengah,Operasi Produksi,0,0,"Kadar Ni 1,4% dan 1,7%","PT Teknik Alum Service, Laporan RKAB Tahun 2020",1600,122.232,-3.023,IUP,"Desa Buleleng dan Torete, Kec. Bungku Selatan, Kab. Morowali",1301.0,2029-05-06,2012-06-19,23904.341,305.047,5158.916,16.89041095890411,Active
Bungku Selatan,Morowali,Nikel One Ete,1379000000,Nikel,Ni,Logam Besi dan Paduan Besi,One Ete,Sulawesi Tengah,Operasi Produksi,155578150,22325464525,Blok Utara (A) dan Blok Selatan (B),"PT Total Prima Indonesia, Laporan RKAB Tahun 2019 (Tabulasi Dinas ESDM Provinsi)",1399,122.303,-2.941,IUP,"Desa Tangofa Kec. Bungku Selatan, Kab. Morowali",1142.0,2031-05-20,2011-05-23,20528.092,753.785,12463.109,20.005479452054793,Active
Bungku Timur,Morowali,Nikel Bahodopi Block 1,271000000,Nikel,Ni,Logam Besi dan Paduan Besi,Bahodopi Block 1,Sulawesi Tengah,Eksplorasi,24000000,218400,Bijih kering,"PT Vale, Laporan RKAB Tahun 2020 (Tabulasi Ditjen Minerba)",1291,121.881,-2.691,IUPK,Blok Bahodopi. Kab. Morowali dan Kab. Luwu Timur,22699.0,2035-12-28,2024-05-03,,,,11.66027397260274,Active
Bungku Timur,Morowali,"Nikel Bahodopi Block 2,3 & 4",272000000,Nikel,Ni,Logam Besi dan Paduan Besi,"Bahodopi Block 2,3 & 4",Sulawesi Tengah,Eksplorasi,0,0,-,"PT Vale, Laporan RKAB Tahun 2020 (Tabulasi Ditjen Minerba)",1292,121.91,-2.694,IUPK,Blok Bahodopi. Kab. Morowali dan Kab. Luwu Timur,22699.0,2035-12-28,2024-05-03,,,,11.66027397260274,Active
Bungku Pesisir,Morowali,Nikel Sambalagi 1,2854000000,Nikel,Ni,Logam Besi dan Paduan Besi,Sambalagi 1,Sulawesi Tengah,Operasi Produksi,66800000,84168,"Blok A dan Blok B, kadar Ni 1,4% - 2%","PT Wosindo Perkasa, Laporan RKAB Tahun 2021",1651,122.273,-3.1301,IUP,Kecamatan Sambalagi Kabupaten Morowali,477.0,2031-09-24,2021-09-24,37586.183,1626.119,8982.856,10.005479452054795,Active
Molawe,Konawe Utara,Nikel Tapunggaya,2145000000,Nikel,Ni,Logam Besi dan Paduan Besi,Tapunggaya,Sulawesi Tenggara,Operasi Produksi,24538600,26496753675,"4 blok laterit, kadar Ni 1,1% s.d. 1,7%","CV Unaaha Bakti Persada, Laporan RKAB Tahun 2022",1494,122.235,-3.392,IUP,Langgikima,159.0,2031-12-15,2011-12-15,65035.127,200.986,38145.008,20.013698630136986,Active
Langgikima,Konawe Utara,Nikel Lameluru,1188000000,Nikel,Ni,Logam Besi dan Paduan Besi,Lameluru,Sulawesi Tenggara,Operasi Produksi,0,0,"Kadar Ni 1,5 - 2,0%","Laporan PT Bhumi Swadatya Mineral, 2012",1377,122.3,-3.281,IUP,Desa Lameruru Kec. Langgikima Kab. Konawe Utara,317.0,2029-12-22,2009-12-22,54397.377,88.7,25872.279,20.013698630136986,Active
Pomalaa,Kolaka,Nikel Pesohua,1389000000,Nikel,Ni,Logam Besi dan Paduan Besi,Pesohua,Sulawesi Tenggara,Operasi Produksi,10110590,120316021,"Kadar Ni 1,4% - 1,9%","PD Aneka Usaha Kolaka, Laporan RKAB Tahun 2020",1407,121.6393,-4.2036,IUP,Pomalaa,340.0,2028-04-01,2018-04-02,5553.2,835.385,4747.146,10.005479452054795,Active
Langgikima,Konawe Utara,Nikel Blok B Lameluru,2789000000,Nikel,Ni,Logam Besi dan Paduan Besi,Blok B Lameluru,Sulawesi Tenggara,Operasi Produksi,20985670,26225801840,"3 blok, kadar Ni 1,74% s.d. 1,86%","PT Adhi Kartiko Pratama, Laporan RKAB Tahun 2020",1607,122.2801,-3.2635,IUP,"Kec. Langgikima, Kab. Konut",1975.0,2030-12-13,2010-12-14,52041.612,919.588,23753.444,20.01095890410959,Active
Langgikima,Konawe Utara,Nikel Blok A Lameruru,1935000000,Nikel,Ni,Logam Besi dan Paduan Besi,Blok A Lameruru,Sulawesi Tenggara,Operasi Produksi,0,0,Blok A1 - A3,"PT Adhi Kartiko Pratama, Laporan RKAB Tahun 2022",1467,122.261,-3.263,IUP,"Kec. Langgikima, Kab. Konut",1975.0,2030-12-13,2010-12-14,51471.428,1403.219,23698.708,20.01095890410959,Active
Pomalaa,Kolaka,Nikel Hakatutobu,1925000000,Nikel,Ni,Logam Besi dan Paduan Besi,Hakatutobu,Sulawesi Tenggara,Eksplorasi,67057470,657163206,"Kadar Ni 1% s.d. 1,8%","PT Akar Mas Internasional, Laporan RKAB Tahun 2019 (Tabulasi Dinas ESDM Provinsi)",1457,121.592,-4.251,IUP,Pomalaa,225.0,2029-09-07,2009-09-07,,,,20.013698630136986,Active
Tolala,Kolaka Utara,Nikel Tolala 1,2565000000,Nikel,Ni,Logam Besi dan Paduan Besi,Tolala 1,Sulawesi Tenggara,Operasi Produksi,0,0,"Kadar Ni 0,9% s.d. 1,5%","PT Alam Mitra Indah Nugraha, Laporan RKAB Tahun 2022",1587,121.107,-2.891,IUP,Kec.Tolala,221.0,2027-01-12,2012-01-12,17370.486,2270.843,46550.205,15.01095890410959,Active
Kabaena Selatan,Bombana,Nikel Teomokole,2534000000,Nikel,Ni,Logam Besi dan Paduan Besi,Teomokole,Sulawesi Tenggara,Operasi Produksi,6000000,6930,"Laterit, 2 blok","PT Almharig, Laporan RKAB Tahun 2020",1556,121.8581,-5.2946,IUP,Kecamatan Kabaena dan Kabaena Selatan,2018.0,2032-09-07,2021-12-15,7878.149,177.704,46562.03,10.736986301369862,Active
Wundulako,Kolaka Timur,Nikel Maniang,302000000,Nikel,Ni,Logam Besi dan Paduan Besi,Maniang,Sulawesi Tenggara,Eksplorasi Rinci,0,0,-,"PT Antam Tbk, Annual Report 2006",1315,121.479,-4.203,IUP,Pulau Maniang,195.0,2033-02-28,2023-02-28,,,,10.008219178082191,Active
Asera,Konawe Utara,Nikel Lalindu dan Lasolo,1922000000,Nikel,Ni,Logam Besi dan Paduan Besi,Lalindu dan Lasolo,Sulawesi Tenggara,Eksplorasi,0,0,Limonit-Saprolit (wmt),"PT Antam, Annual Report Tahun 2021",1454,122.154,-3.468,IUP,"Kec. Asera dan Molawe, Kab. Konawe",16920.0,2030-04-29,2010-04-29,,,,20.013698630136986,Active
Pomalaa,Kolaka,Nikel Pomalaa (Tambang Tengah) (WSPM 014),1923000000,Nikel,Ni,Logam Besi dan Paduan Besi,Pomalaa (Tambang Tengah) (WSPM 014),Sulawesi Tenggara,Operasi Produksi,17800000,225253,Limonit-Saprolit (wmt),"PT Antam, Annual Report Tahun 2021",1455,121.613,-4.229,IUP,Kec. Pomalaa,1954.0,2030-06-25,2020-05-18,6230.121,1375.499,4404.607,10.10958904109589,Active
Molawe,Konawe Utara,Nikel Tapunopaka,291000000,Nikel,Ni,Logam Besi dan Paduan Besi,Tapunopaka,Sulawesi Tenggara,Eksplorasi,173400000,2107686,Limonit-Saprolit (wmt),"PT Antam, Laporan RKAB Tahun 2022",1307,122.253,-3.502,IUP,"Kec. Lasolo, Konawe",6213.0,2030-01-11,2010-01-11,,,,20.013698630136986,Active
Molawe,Konawe Utara,Nikel Mandiodo,294000000,Nikel,Ni,Logam Besi dan Paduan Besi,Mandiodo,Sulawesi Tenggara,Eksplorasi,0,0,Limonit-Saprolit (wmt),"PT Antam, Laporan RKAB Tahun 2022",1308,122.246,-3.537,IUP,"Kec. Lasolo, Konawe",6213.0,2030-01-11,2010-01-11,,,,20.013698630136986,Active
Molawe,Konawe Utara,Nikel Bahubulu,295000000,Nikel,Ni,Logam Besi dan Paduan Besi,Bahubulu,Sulawesi Tenggara,Operasi Produksi,0,0,Limonit-Saprolit (wmt),"PT Antam, Laporan RKAB Tahun 2022",1309,122.325,-3.567,IUP,"Kec. Lasolo, Konawe",6213.0,2030-01-11,2010-01-11,52880.919,10063.228,38665.49,20.013698630136986,Active
Pomalaa,Kolaka,Nikel WSPM 017,1950000000,Nikel,Ni,Logam Besi dan Paduan Besi,WSPM 017,Sulawesi Tenggara,Operasi Produksi,0,0,"Limonit dan saprolit, kadar Ni 1,27% s.d. 1.72%","PT Antam, Laporan RKAB Tahun 2022",1482,121.536,-4.263,IUP,Kec. Pomalaa,584.3,2034-03-14,2020-05-18,11981.177,2926.315,3483.409,13.830136986301369,Active
Pomalaa,Kolaka,Nikel WSPM 016,1951000000,Nikel,Ni,Logam Besi dan Paduan Besi,WSPM 016,Sulawesi Tenggara,Operasi Produksi,19300000,247926,"Limonit dan saprolit, kadar Ni 1,36% s.d. 1,83%","PT Antam, Laporan RKAB Tahun 2022",1483,121.63,-4.204,IUP,Kec. Pomalaa,2712.0,2034-03-14,2020-05-18,4783.091,1857.652,3777.922,13.830136986301369,Active
Pomalaa,Kolaka,Nikel WSPM 015,1952000000,Nikel,Ni,Logam Besi dan Paduan Besi,WSPM 015,Sulawesi Tenggara,Operasi Produksi,28400000,383376,"Limonit dan saprolit, kadar Ni 1,38% s.d. 2%","PT Antam, Laporan RKAB Tahun 2022",1484,121.553,-4.278,IUP,Kec. Pomalaa,878.2,2030-06-25,2020-05-18,12495.622,185.727,1603.08,10.10958904109589,Active
Kabaena Selatan,Bombana,"Nikel Salgado, Purano, Bangko",311000000,Nikel,Ni,Logam Besi dan Paduan Besi,"Salgado, Purano, Bangko",Sulawesi Tenggara,Operasi Produksi,52520000,611366,"Kadar Ni 1,1% - 2,2%","PT Anugrah Harisma Barakah, Laporan RKAB Tahun 2022",1322,121.934,-5.413,IUP,Kec. Talaga Kab. Buton dan Kec Kabaena Selatan,2527.0,2030-07-25,2010-07-26,16534.744,625.993,57702.59,20.01095890410959,Active
Molawe,Konawe Utara,Nikel Tapunggaya 2,2555000000,Nikel,Ni,Logam Besi dan Paduan Besi,Tapunggaya 2,Sulawesi Tenggara,Operasi Produksi,3000000,4800,"4 blok, Blok A mempunyai cadangan, kadar rata-rata 1,6%","PT Apollo Nickel Indonesia, Laporan RKAB Tahun 2020",1577,122.3632,-3.3867,IUP,Kec. Lasolo,106.0,2031-10-21,2011-10-31,67719.83,2244.524,38745.133,19.986301369863014,Active
Talagaraya,Buton Tengah,Nikel Talaga Besar,1419000000,Nikel,Ni,Logam Besi dan Paduan Besi,Talaga Besar,Sulawesi Tenggara,Operasi Produksi,22300000,276297,"Kadar Ni 1,2% - 1,77%","PT Arga Morini Indah, Laporan RKAB 2020 (Tabulasi Dinas ESDM Provinsi)",1428,122.033,-5.414,IUP,Kec. Talaga Raya,2834.96,2027-07-11,2007-07-12,10615.775,463.79,57734.869,20.01095890410959,Active
Talaga Raya,Buton,Nikel Wulu,2790000000,Nikel,Ni,Logam Besi dan Paduan Besi,Wulu,Sulawesi Tenggara,Operasi Produksi,22300000,276297,"Blok I - IV, Ni 1,2% s.d. 1,77%","PT Arga Morini Indah, Laporan RKAB Tahun 2020",1608,122.0012,-5.436,IUP,Kec. Talaga Raya,2834.96,2027-07-11,2007-07-12,13982.161,514.783,59963.999,20.01095890410959,Active
Molawe,Konawe Utara,Nikel Tapunggaya 4 (Blok Utara),2557000000,Nikel,Ni,Logam Besi dan Paduan Besi,Tapunggaya 4 (Blok Utara),Sulawesi Tenggara,Operasi Produksi,4200000,48216,"Kadar Ni 1,1% s.d. 2,6%","PT Bhumi Karya Utama, Laporan RKAB Tahun 2022",1579,122.2748,-3.3543,IUP,"Kec. Langgikima, Konawe Utara",310.0,2032-12-12,2017-06-05,61668.289,433.844,33733.667,15.531506849315068,Active
Molawe,Konawe Utara,Nikel Tapunggaya 4 (Blok Selatan),2795000000,Nikel,Ni,Logam Besi dan Paduan Besi,Tapunggaya 4 (Blok Selatan),Sulawesi Tenggara,Operasi Produksi,5600000,65464,"Kadar Ni 1,1% s.d. 2,6%","PT Bhumi Karya Utama, Laporan RKAB Tahun 2022",1613,122.2657,-3.3728,IUP,"Kec. Langgikima, Konawe Utara",310.0,2032-12-12,2017-06-05,63487.908,641.334,35820.277,15.531506849315068,Active
Molawe,Konawe Utara,Nikel Binanga,2788000000,Nikel,Ni,Logam Besi dan Paduan Besi,Binanga,Sulawesi Tenggara,Operasi Produksi,1979250,2528491875,"Kadar Ni 1,7% - 1,95%","PT Binanga Hartama Raya, Laporan RKAB Tahun 2020",1606,122.3089,-3.3755,IUP,Kec. Lasolo,185.0,2031-06-23,2011-06-23,64799.689,590.464,36364.714,20.013698630136986,Active
Pomalaa,Kolaka,Nikel Tambea,2531000000,Nikel,Ni,Logam Besi dan Paduan Besi,Tambea,Sulawesi Tenggara,Operasi Produksi,5000000,5775,"Blok A, B, C dan D, kadar Ni 1,6% - 1,65%","PT Bola Dunia Mandiri, Laporan RKAB Tahun 2020",1553,121.6219,-4.2548,IUP,"Kec. Pomalaa, Kab. Kolaka",260.0,2027-08-26,2017-08-26,9244.335,182.185,6476.735,10.005479452054795,Active
Molawe,Konawe Utara,Nikel Morombo (Bososi),1161000000,Nikel,Ni,Logam Besi dan Paduan Besi,Morombo (Bososi),Sulawesi Tenggara,Operasi Produksi,3740000,389606,"Kadar Ni > 1,5% (sumber daya) dan > 1,7% (cadangan)","PT Bososi Pratama, Laporan RKAB Tahun 2022",1369,122.201,-3.378,IUP,"Kec. Langgikima, Kab. Konawe Utara",1850.0,2031-06-06,2011-06-06,63191.318,3055.373,37204.257,20.013698630136986,Active
Langgikima,Konawe Utara,Nikel Wawoheo,2144000000,Nikel,Ni,Logam Besi dan Paduan Besi,Wawoheo,Sulawesi Tenggara,Operasi Produksi,0,0,"Pit Mawar, Pit Melati dan Pit Matahari, kadar Ni 1,6% s.d. 2%","PT Bosowa Mining, Laporan RKAB Tahun 2022",1493,122.234,-3.195,IUP,"Kec. Wiwirano, Kab. Konawe Utara",1500.0,2031-03-28,2011-01-28,43513.992,56.367,16659.753,20.175342465753424,Active
Kab. Buton,Buton,Nikel Wakalambe,1420000000,Nikel,Ni,Logam Besi dan Paduan Besi,Wakalambe,Sulawesi Tenggara,Operasi Produksi,0,0,"Kadar Ni 1,12%","PT Bumi Buton Delta Megah, 2013",1429,122.792,-5.264,IUP,Kec. Kapontori,675.0,2029-09-04,2009-09-04,22585.652,276.792,98177.205,20.013698630136986,Active
Motui,Konawe Utara,Nikel Matandahi,1397000000,Nikel,Ni,Logam Besi dan Paduan Besi,Matandahi,Sulawesi Tenggara,Operasi Produksi,14300000,16016,"Blok I, Blok II dan Blok III, kadar Ni 1,,49% s.d. 1,61%","PT Bumi Konawe Abadi, Laporan RKAB Tahun 2020",1411,122.4413,-3.8204,IUP,Kec. Sawa Kab. Konawe Utara,419.6,2027-12-22,2009-12-22,22645.856,523.672,9541.335,18.01095890410959,Active
Asera,Konawe Utara,Nikel Walalindu,1395000000,Nikel,Ni,Logam Besi dan Paduan Besi,Walalindu,Sulawesi Tenggara,Operasi Produksi,0,0,"Kadar Ni 1,65%","PT Bumi Konawe Minerina, 2015",1410,122.104,-3.483,IUP,Kec. Molawe,616.0,2027-12-22,2017-06-12,74977.258,593.661,51449.157,10.534246575342467,Active
Molawe,Konawe Utara,Nikel Walalindu 1,1930000000,Nikel,Ni,Logam Besi dan Paduan Besi,Walalindu 1,Sulawesi Tenggara,Operasi Produksi,31611070,40142444930,"5 blok, saprolit Ni 1,93% , limonit Ni 1,5%","PT Bumi Konawe Minerina, Laporan RKAB Tahun 2020 (Tabulasi Ditjen Minerba)",1462,122.2274,-3.5594,IUP,Kec. Molawe,616.0,2027-12-22,2017-06-12,60011.478,42.963,43612.31,10.534246575342467,Active
Wawonii Tenggara,Konawe Kepulauan,Nikel Mosolo,2523000000,Nikel,Ni,Logam Besi dan Paduan Besi,Mosolo,Sulawesi Tenggara,Eksplorasi,0,0,Blok Utara,"PT Bumi Konawe Mining, Assesment Report 2018",1545,123.153,-4.193,IUP,"Kec. Wawonii timur dan Wawonii Tenggara, Kab. Konawe",3175.0,2028-12-30,2010-08-02,,,,18.424657534246574,Active
Wawonii Tenggara,Konawe Kepulauan,Nikel Nambo Jaya,2524000000,Nikel,Ni,Logam Besi dan Paduan Besi,Nambo Jaya,Sulawesi Tenggara,Eksplorasi,0,0,Blok Selatan,"PT Bumi Konawe Mining, Assesment Report 2018",1546,123.138,-4.23,IUP,"Kec. Wawonii timur dan Wawonii Tenggara, Kab. Konawe",3175.0,2028-12-30,2010-08-02,,,,18.424657534246574,Active
Andowia,Konawe Utara,Nikel Lahimbua,2553000000,Nikel,Ni,Logam Besi dan Paduan Besi,Lahimbua,Sulawesi Tenggara,Operasi Produksi,14389510,181307826,-,"PT Bumi Nikel Nusantara, Laporan RKAB Tahun 2019 (Tabulasi Dinas ESDM Provinsi)",1575,122.158,-3.522,IUP,"Molawe, Konawe Utara",386.49,2032-03-10,2018-10-16,68241.817,445.742,51200.66,13.408219178082192,Active
Wolo,Kolaka,Nikel Samaenre,2148000000,Nikel,Ni,Logam Besi dan Paduan Besi,Samaenre,Sulawesi Tenggara,Operasi Produksi,0,0,Pit Tenggara 1-4,"PT Ceria Nugraha Indotama, Laporan RKAB Tahun 2019 (Adendum)",1497,121.319,-3.878,IUP,"Kel Wolo, Uluwolo, Ponrewaru",6785.0,2032-04-23,2012-04-23,34840.34,864.941,3574.904,20.013698630136986,Active
Wolo,Kolaka,Nikel Pit Pao pao,301000000,Nikel,Ni,Logam Besi dan Paduan Besi,Pit Pao pao,Sulawesi Tenggara,Operasi Produksi,0,0,"wmt, CoG 1,3% Ni","PT Ceria Nugraha Indotama, Laporan RKAB Tahun 2020 (Tabulasi Dinas ESDM Provinsi)",1314,121.289,-3.852,IUP,"Kel Wolo, Uluwolo, Ponrewaru",6785.0,2032-04-23,2012-04-23,39216.248,60.637,1013.294,20.013698630136986,Active
Wolo,Kolaka,Nikel Wolo,2149000000,Nikel,Ni,Logam Besi dan Paduan Besi,Wolo,Sulawesi Tenggara,Operasi Produksi,0,0,"Pit Utara 1, Pit Utara 2","PT Ceria Nugraha Indotama, Laporan RKAB Tahun 2020 (Tabulasi Dinas ESDM Provinsi)",1498,121.269,-3.843,IUP,"Kel Wolo, Uluwolo, Ponrewaru",6785.0,2032-04-23,2012-04-23,41609.079,121.664,3423.913,20.013698630136986,Active
Wolo,Kolaka,Nikel Ruby,2150000000,Nikel,Ni,Logam Besi dan Paduan Besi,Ruby,Sulawesi Tenggara,Operasi Produksi,0,0,"CoG 1,4%","PT Ceria Nugraha Indotama, Laporan RKAB Tahun 2020 (Tabulasi Dinas ESDM Provinsi)",1499,121.286,-3.872,IUP,"Kel Wolo, Uluwolo, Ponrewaru",6785.0,2032-04-23,2012-04-23,38272.156,2165.17,2441.591,20.013698630136986,Active
Wolo,Kolaka,Nikel Jessica,2151000000,Nikel,Ni,Logam Besi dan Paduan Besi,Jessica,Sulawesi Tenggara,Operasi Produksi,0,0,"CoG 1,5%","PT Ceria Nugraha Indotama, Laporan RKAB Tahun 2020 (Tabulasi Dinas ESDM Provinsi)",1500,121.287,-3.864,IUP,"Kel Wolo, Uluwolo, Ponrewaru",6785.0,2032-04-23,2012-04-23,38655.612,1358.34,1685.468,20.013698630136986,Active
Wolo,Kolaka,Nikel Emerald,2528000000,Nikel,Ni,Logam Besi dan Paduan Besi,Emerald,Sulawesi Tenggara,Operasi Produksi,0,0,"CoG 1,3% Ni, kadar Ni 1,7%","PT Ceria Nugraha Indotama, Laporan RKAB Tahun 2020 (Tabulasi Dinas ESDM Provinsi)",1550,121.24,-3.868,IUP,"Kel Wolo, Uluwolo, Ponrewaru",6785.0,2032-04-23,2012-04-23,42901.677,1198.794,6638.52,20.013698630136986,Active
Wolo,Kolaka,Nikel Saphire,2529000000,Nikel,Ni,Logam Besi dan Paduan Besi,Saphire,Sulawesi Tenggara,Operasi Produksi,0,0,"CoG 1,2% Ni, kadar Ni 1,57%","PT Ceria Nugraha Indotama, Laporan RKAB Tahun 2020 (Tabulasi Dinas ESDM Provinsi)",1551,121.28,-3.876,IUP,"Kel Wolo, Uluwolo, Ponrewaru",6785.0,2032-04-23,2012-04-23,38609.418,1887.497,3191.742,20.013698630136986,Active
Molawe,Konawe Utara,Nikel Mandiodo 1,1398000000,Nikel,Ni,Logam Besi dan Paduan Besi,Mandiodo 1,Sulawesi Tenggara,Operasi Produksi,40587992,3977623216,"Kadar Ni 1,4%","PT Cinta Jaya, Laporan RKAB Tahun 2022",1412,122.2168,-3.5615,IUP,Kec. Molawe,309.0,2027-12-22,2017-03-29,60610.215,1.374,43998.73,10.73972602739726,Active
Molawe,Konawe Utara,Nikel Tapungjaya 1,2164000000,Nikel,Ni,Logam Besi dan Paduan Besi,Tapungjaya 1,Sulawesi Tenggara,Operasi Produksi,133397672,13072971856,-,"PT Cinta Jaya, Laporan RKAB Tahun 2022",1513,122.1969,-3.5632,IUP,Kec. Molawe,309.0,2027-12-22,2017-03-29,61962.057,63.471,45009.319,10.73972602739726,Active
Langgikima,Konawe Utara,Nikel Wiwirano,2547000000,Nikel,Ni,Logam Besi dan Paduan Besi,Wiwirano,Sulawesi Tenggara,Operasi Produksi,0,0,-,"PT Cipta Djaya Selaras Mining, Laporan Studi Kelayakan Tahun 2013",1569,122.237,-3.167,IUP,"Desa Wiwirano, Kec. Wiwirano",634.8,2030-06-23,2010-06-23,40535.271,1419.034,13582.788,20.013698630136986,Active
Langgikima,Konawe Utara,Nikel Molore,2546000000,Nikel,Ni,Logam Besi dan Paduan Besi,Molore,Sulawesi Tenggara,Operasi Produksi,12921580,144721696,"Kadar Ni 1,3% dan 1,8%","PT Cipta Djaya Surya, Laporan RKAB Tahun 2022",1568,122.288,-3.336,IUP,"Desa Molore, Kec. Langgikima",195.7,2030-06-07,2010-06-07,60004.395,176.663,31805.716,20.013698630136986,Active
Langgikima,Konawe Utara,Nikel Blok Paka Indah,1932000000,Nikel,Ni,Logam Besi dan Paduan Besi,Blok Paka Indah,Sulawesi Tenggara,Operasi Produksi,0,0,-,"PT Cipta Djaya Surya, Laporan Studi Kelayakan Tahun 2013",1464,122.165,-3.362,IUP,"Desa Molore, Kec. Langgikima",195.7,2030-06-07,2010-06-07,61293.118,1925.448,36557.269,20.013698630136986,Active
Lasusua,Kolaka Utara,Nikel Pitulua,1599000000,Nikel,Ni,Logam Besi dan Paduan Besi,Pitulua,Sulawesi Tenggara,Operasi Produksi,0,0,-,"PT Citra Silika Mallawa, 2013",1450,120.965,-3.617,IUP,Kec. Lasusua,475.0,2026-03-14,2011-03-14,24061.944,908.633,45301.967,15.01095890410959,Expired
Molawe,Konawe Utara,Nikel Pasir Panjang Boedingle,2559000000,Nikel,Ni,Logam Besi dan Paduan Besi,Pasir Panjang Boedingle,Sulawesi Tenggara,Operasi Produksi,15153110,20683995150,"Kadar Ni 1,64% s.d.1,95%","PT Daka Group, Laporan RKAB Tahun 2020",1581,122.3821,-3.455,IUP,"Kec. Lasolo, Konawe Utara",200.0,2031-05-21,2012-05-21,61157.722,306.198,46584.187,19.01095890410959,Active
Tanggetada,Kolaka,Nikel Tambea,1927000000,Nikel,Ni,Logam Besi dan Paduan Besi,Tambea,Sulawesi Tenggara,Operasi Produksi,0,0,-,"PT Dharma Bumi Kendari, 2015",1459,121.678,-4.303,IUP,"Kec. Tanggetada/Lambandia, Kab. Kolaka",1000.0,2027-12-31,2010-04-12,16723.923,241.967,12889.288,17.731506849315068,Active
Tanggetada,Kolaka,Nikel Lamendai,1392000000,Nikel,Ni,Logam Besi dan Paduan Besi,Lamendai,Sulawesi Tenggara,Operasi Produksi,0,0,-,"PT Dharma Bumi Kolaka, 2015",1408,121.695,-4.312,IUP,"Kec. Tanggetada/Lambandia, Kab. Kolaka",1075.0,2030-04-12,2010-04-12,18597.252,563.849,14980.435,20.013698630136986,Active
Lasolo,Konawe Utara,Nikel Blok DTGP-1 (A),2941000000,Nikel,Ni,Logam Besi dan Paduan Besi,Blok DTGP-1 (A),Sulawesi Tenggara,Operasi Produksi,15125000,18104625,"Kadar Ni 0,8% - 1,76%, Kadar Fe 19,78% - 38,45%","PT Duta Tambang Gunung Perkasa, Laporan RKAB Tahun 2022",1661,122.2637,-3.3884,IUP,"Kec. Lasolo, Kab. Konawe Utara",138.2,2031-10-21,2011-10-21,65148.518,182.154,37548.988,20.013698630136986,Active
Lasolo,Konawe Utara,Nikel Lasolo (DMS),1187000000,Nikel,Ni,Logam Besi dan Paduan Besi,Lasolo (DMS),Sulawesi Tenggara,Operasi Produksi,35982780,453383028,"Blok A, B, C, D dan E, kadar Ni 1,65% - 1,8%","PT Dwimitra Multiguna Sejahtera, Laporan RKAB Tahun 2020",1376,122.258,-3.672,IUP,Kec. Lasolo,130.0,2030-07-14,2010-07-14,48657.105,385.358,31238.897,20.013698630136986,Active
Molawe,Konawe Utara,Nikel Morombo 1,1945000000,Nikel,Ni,Logam Besi dan Paduan Besi,Morombo 1,Sulawesi Tenggara,Operasi Produksi,18160890,22540480410,"Blok Yudistira dan Blok Olivin, kadar Ni 1,55% s.d. 1,80%","PT Elit Kharisma Utama, Laporan RKAB Tahun 2020",1477,122.235,-3.379,IUP,"Kec. Langgikima dan Lasolo, Konawe Utara",496.1,2030-08-19,2010-08-19,63654.416,262.04,36715.552,20.013698630136986,Active
Lasusua,Kolaka Utara,Nikel Blok PT FBS,2942000000,Nikel,Ni,Logam Besi dan Paduan Besi,Blok PT FBS,Sulawesi Tenggara,Operasi Produksi,0,0,"Kadar Ni 2,05% - 2,33%, Kadar Fe 20,99% - 22,84%","PT Fatwa Bumi Sejahtera, Laporan RKAB Tahun 2022",1662,120.9152,-3.563,IUP,"Desa Pitulua, Kecamatan Lasusua",101.0,2017-01-26,2012-01-27,16779.411,1314.046,53293.769,5.002739726027397,Expired
Wawonii Tengah,Konawe Kepulauan,Nikel Latambaga,2525000000,Nikel,Ni,Logam Besi dan Paduan Besi,Latambaga,Sulawesi Tenggara,Eksplorasi,0,0,Blok Utara,"PT Gema Kreasi Perdana, Assesment Report 2018",1547,123.021,-4.086,IUP,"Kec. Wawonii Barat dan tengah, Kab. Konawe",958.0,2028-11-14,2010-01-10,,,,18.85753424657534,Active
Wawonii Tenggara,Konawe Kepulauan,Nikel Roko roko,1254000000,Nikel,Ni,Logam Besi dan Paduan Besi,Roko roko,Sulawesi Tenggara,Operasi Produksi,25000000,21630,"Blok Arwana, Blok Elang, dan Blok Anoa","PT Gema Kreasi Perdana, Laporan RKAB Tahun 2022",1384,123.117,-4.217,IUP,"Kecamatan Wawonii Tenggara, Kabupaten Konawe Kepulauan, Provinsi Sulawesi Tenggara",850.9,2028-11-14,2008-11-14,25951.204,3171.198,58233.737,20.013698630136986,Active
Palangga Selatan,Konawe Selatan,Nikel Watumbohuti 1,1415000000,Nikel,Ni,Logam Besi dan Paduan Besi,Watumbohuti 1,Sulawesi Tenggara,Operasi Produksi,9950690,118413211,"Kadar Ni 1,7%","PT Generasi Agung Perkasa, Laporan RKAB Tahun 2019 (Tabulasi Dinas ESDM Provinsi)",1424,122.407,-4.409,IUP,Parasi dan sekitarnya Palangga Selatan,584.0,2028-11-12,2018-11-12,6935.458,566.137,7613.095,10.008219178082191,Active
Laeya,Konawe Selatan,Nikel Sangi sangi,1417000000,Nikel,Ni,Logam Besi dan Paduan Besi,Sangi sangi,Sulawesi Tenggara,Eksplorasi,16175080,16983834,"Blok Selatan, Blok Tengah, Blok Utara","PT Gerbang Multi Sejahtera, Laporan RKAB Tahun 2020",1426,122.459,-4.424,IUP,Desa Wia-Wia Kec. Laonti,2301.62,2038-07-30,2018-07-30,,,,20.013698630136986,Active
Tinanggea,Konawe Selatan,Nikel Blok Selatan Ngapaaha,2179000000,Nikel,Ni,Logam Besi dan Paduan Besi,Blok Selatan Ngapaaha,Sulawesi Tenggara,Operasi Produksi,69546720,85194732,"Ironcap, limonit dan saprolit, kadar Ni > 0,6% (sumber daya) dan Ni > 1,1% (cadangan)","PT Ifishdeco, Laporan RKAB Tahun 2020",1529,122.1768,-4.396,IUP,Ngapaaha,800.0,2028-09-08,2010-09-08,31584.754,461.116,2462.904,18.013698630136986,Active
Tinanggea,Konawe Selatan,Nikel Blok Utara Ngapaaha,1157000000,Nikel,Ni,Logam Besi dan Paduan Besi,Blok Utara Ngapaaha,Sulawesi Tenggara,Operasi Produksi,74998550,77693579250,Iron Cap-Limonit-Saprolit,"PT Ifishdeco, Ringkasan Eksekutif Laporan JORC Cadangan Tahun 2018 dan laporan RKAB Tahun 2020",1367,122.179,-4.382,IUP,Ngapaaha,800.0,2028-09-08,2010-09-08,31659.183,1331.176,3016.23,18.013698630136986,Active
Langgikima,Konawe Utara,Nikel Lameruru,2554000000,Nikel,Ni,Logam Besi dan Paduan Besi,Lameruru,Sulawesi Tenggara,Operasi Produksi,11000000,10844,"Blok Bitti, Mangrove dan Ulin, kadar Ni 1,58% - 1,83%","PT Indra Bakti Mustika, Annual Report Tahun 2021",1576,122.29,-3.2491,IUP,"Kec. Langgikima, Kab. Konawe Utara",576.0,2034-01-17,2014-03-17,50757.46,68.356,22242.415,19.852054794520548,Active
Laeya,Konawe Selatan,Nikel Wonua Kongga,2152000000,Nikel,Ni,Logam Besi dan Paduan Besi,Wonua Kongga,Sulawesi Tenggara,Operasi Produksi,41691950,6262619,"Blok 1 dan Blok 2, kadar Ni 1,5% s.d. 2%","PT Integra Mining Nusantara, Laporan RKAB Tahun 2022",1501,122.491,-4.435,IUP,"Desa Wonua Kongga, Kec. Laeya",100.0,2029-01-11,2010-01-11,4012.861,36.222,15091.24,19.013698630136986,Active
Palangga Selatan,Konawe Selatan,Nikel Wotumbohuti,1414000000,Nikel,Ni,Logam Besi dan Paduan Besi,Wotumbohuti,Sulawesi Tenggara,Operasi Produksi,10877410,13248685380,"Kadar Ni > 1,24% dan > 1,74%","PT Jagad Rayatama, Laporan RKAB Tahun 2020",1423,122.3912,-4.3925,IUP,"Desa Watumbohoti, Palngga Selatan, Konawe Selatan, Sulawesi Tenggara",1670.0,2027-01-27,2017-01-27,9443.261,5.039,7974.312,10.005479452054795,Active
Molawe,Konawe Utara,Nikel Wawalalindu,2560000000,Nikel,Ni,Logam Besi dan Paduan Besi,Mandiodo 2,Sulawesi Tenggara,Operasi Produksi,45766500,579861555,"Kadar Ni 1,2% s.d. 1,81%","PT Kabaena Kromit Prathama, Laporan RKAB Tahun 2020",1582,122.1944,-3.577,IUP,"Kec. Molawe, Kab. Konawe Utara",102.6,2030-12-14,2010-12-14,61052.763,62.809,51449.155,20.013698630136986,Active
Langgikima,Konawe Utara,Nikel Lamonae 2,1409000000,Nikel,Ni,Logam Besi dan Paduan Besi,Lamonae 2,Sulawesi Tenggara,Operasi Produksi,558113000,69187965,"Blok K1, Blok K2 dan Blok E, kadar Ni 1,5% dan 1,8%","PT Karyatama Konawe Utara, Laporan RKAB Tahun 2020 (Tabulasi Ditjen Minerba)",1419,122.2549,-3.2295,IUP,"Kec. Asera, Konawe Utara",3119.0,2029-12-13,2017-08-01,47707.193,834.209,20046.419,12.375342465753425,Active
Langgikimia,Konawe Utara,Nikel Tambakua,289000000,Nikel,Ni,Logam Besi dan Paduan Besi,Tambakua,Sulawesi Tenggara,Operasi Produksi,63400000,770763,"Kadar Ni 0,98% - 2,1%","PT Karyatama Konawe Utara, Laporan RKAB Tahun 2022 (tabulasi Ditjen Minerba)",1305,122.155,-3.304,IUP,"Kec. Asera, Konawe Utara",3119.0,2029-12-13,2017-08-01,54890.174,8.781,30996.868,12.375342465753425,Active
Batu Putih,Kolaka Utara,Nikel Latou,357000000,Nikel,Ni,Logam Besi dan Paduan Besi,Latou,Sulawesi Tenggara,Operasi Produksi,7281000,9428895,"Kadar Ni 1,3% - 1,9%","PT Kasmar Tiar Raya, Laporan RKAB Tahun 2020",1347,121.102,-3.074,IUP,Kec. Batu Putih,955.0,2031-06-21,2021-06-21,37227.49,65.135,63602.566,10.005479452054795,Active
Langgikima,Konawe Utara,Nikel Lameruru 1,2796000000,Nikel,Ni,Logam Besi dan Paduan Besi,Lameruru 1,Sulawesi Tenggara,Operasi Produksi,0,0,Tidak ada data kadar Ni,"PT Kelompok Delapan Indonesia, Laporan RKAB Tahun 2020",1614,122.3033,-3.2574,IUP,"Kecamatan Langgikima, Konawe Utara",226.51,2030-09-16,2020-05-04,52058.882,94.199,23340.18,10.375342465753425,Active
Langgikima,Konawe Utara,Nikel Lamonae 1,1394000000,Nikel,Ni,Logam Besi dan Paduan Besi,Lamonae 1,Sulawesi Tenggara,Operasi Produksi,0,0,"Kadar Ni 1,4%","PT Kembar Emas Sultra, 2013",1409,122.241,-3.28,IUP,Kecamatan Langgikima Kabupaten Konawe Utara,103.0,2031-07-12,2011-07-12,52909.971,24.262,25765.42,20.013698630136986,Active
Langgikima,Konawe Utara,Nikel Lameruru 2,1931000000,Nikel,Ni,Logam Besi dan Paduan Besi,Lameruru 2,Sulawesi Tenggara,Operasi Produksi,0,0,-,"PT Kembar Emas Sultra, 2013",1463,122.245,-3.277,IUP,Kec. Langgikima Kabupaten Konawe Utara,467.0,2031-07-13,2011-07-13,52656.109,385.335,25382.759,20.013698630136986,Active
Tolala,Kolaka Utara,Nikel Blok A Tolala,297000000,Nikel,Ni,Logam Besi dan Paduan Besi,Blok A Tolala,Sulawesi Tenggara,Operasi Produksi,0,0,"Kadar Ni 0,8% - 2,1%","PT Kolaka Mineral Resources, 2015",1310,121.083,-2.833,IUP,"Desa Lawaki Jayaatikala, Tolala",2100.0,2029-07-16,2009-07-17,10527.254,56.184,43832.75,20.01095890410959,Active
Molawe,Konawe Utara,Nikel Tobimieta,2162000000,Nikel,Ni,Logam Besi dan Paduan Besi,Tobimieta,Sulawesi Tenggara,Operasi Produksi,0,0,"Blok A Saprolit, Blok B Limonit, SOA Saprolit","PT Konawe Nikel Nusantara, Laporan RKAB Tahun 2022",1511,122.25,-3.378,IUP,"Kec. lasolo, Konawe Utara",373.8,2030-08-19,2010-08-19,63771.193,273.063,36463.099,20.013698630136986,Active
Langgikima,Konawe Utara,Nikel Lamonae,1408000000,Nikel,Ni,Logam Besi dan Paduan Besi,Lamonae,Sulawesi Tenggara,Operasi Produksi,0,0,-,"PT Konutara Prima, 2013",1418,122.205,-3.213,IUP,Kec. Langgikima & Wiwirano,2827.0,2031-03-11,2011-03-11,45040.357,1219.845,19556.04,20.013698630136986,Active
Lasolo,Konawe Utara,Nikel Sari Mukti,1400000000,Nikel,Ni,Logam Besi dan Paduan Besi,Sari Mukti,Sulawesi Tenggara,Operasi Produksi,17309800,21810348,"D Saprolite (Pit 6, 7, 8, 9, 10, dan 11)","PT Konutara Sejati, Laporan RKAB Tahun 2020 (tabulasi Ditjen Minerba)",1414,122.2263,-3.3485,IUP,"Kec. Langgikima, Konawe Utara",1923.0,2029-12-22,2017-06-09,60191.054,50.945,33492.992,12.545205479452054,Active
Batu Putih,Kolaka Utara,Nikel Blok II Lelewawo,2566000000,Nikel,Ni,Logam Besi dan Paduan Besi,Blok II Lelewawo,Sulawesi Tenggara,Operasi Produksi,3500000,3675,"Kadar Ni 1,5%","PT Kurnia Mining Resources, Laporan RKAB Tahun 2020 (Tabulasi Dinas ESDM Provinsi)",1588,121.0566,-3.0244,IUP,Kec Batu Putih,210.0,2031-04-12,2021-07-23,31556.969,256.52,61643.893,9.726027397260275,Active
Laeya,Konawe Selatan,Nikel Labokeo,2797000000,Nikel,Ni,Logam Besi dan Paduan Besi,Labokeo,Sulawesi Tenggara,Operasi Produksi,0,0,"Blok A dan Blok B, kadar Ni 1,5% dan 1,8%","PT Laeya Cipta Guna, Laporan RKAB Tahun 2020",1615,122.4877,-4.3608,IUP,"Desa Labokeo, Kec. Laeya, Konawe",1185.0,2029-10-09,2019-10-09,10113.683,174.774,17940.49,10.008219178082191,Active
Tolala,Kolaka Utara,Nikel Lawaki Jaya,2792000000,Nikel,Ni,Logam Besi dan Paduan Besi,Lawaki Jaya,Sulawesi Tenggara,Operasi Produksi,71070910,87061864750,"Blok I, kadar Ni 1,65% s.d. 1,75%","PT Lawaki Tiar Raya, Laporan Revisi RKAB Tahun 2020",1610,121.0671,-2.8389,IUP,"Desa Lawaki Jaya, Kecamatan Tolala, Kabupaten Kolaka Utara, Provinsi Sulawesi Tenggara",404.0,2033-03-15,2013-03-15,10671.575,249.328,45594.187,20.013698630136986,Active
Palangga,Konawe Selatan,Nikel Blok I Watudemba,2141000000,Nikel,Ni,Logam Besi dan Paduan Besi,Blok I Watudemba,Sulawesi Tenggara,Operasi Produksi,674300,7788165,"Kadar Ni 1,45% s.d. 1,82%","PT Macika Mada Madana, Laporan RKAB Tahun 2020",1490,122.358,-4.398,IUP,"Kec Palangga, Konawe Selatan",705.0,2031-10-27,2011-10-27,12226.712,535.313,6382.409,20.013698630136986,Active
Palangga,Konawe Selatan,Nikel Blok II Kiaea,2142000000,Nikel,Ni,Logam Besi dan Paduan Besi,Blok II Kiaea,Sulawesi Tenggara,Operasi Produksi,4264400,49552328,"Kadar Ni 1,66% s.d. 1,89%","PT Macika Mada Madana, Laporan RKAB Tahun 2020",1491,122.369,-4.397,IUP,"Kec Palangga, Konawe Selatan",705.0,2031-10-27,2011-10-27,11198.521,143.033,6635.396,20.013698630136986,Active
Palangga Selatan,Konawe Selatan,Nikel Blok IV Amondo,2143000000,Nikel,Ni,Logam Besi dan Paduan Besi,Blok IV Amondo,Sulawesi Tenggara,Operasi Produksi,5787600,79405872,"Kadar Ni 1,59% s.d. 1,96%","PT Macika Mada Madana, Laporan RKAB Tahun 2020",1492,122.359,-4.411,IUP,"Kec Palangga, Konawe Selatan",705.0,2031-10-27,2011-10-27,11558.704,368.301,4950.139,20.013698630136986,Active
Langgikima,Konawe Utara,Nikel Bintaro,2154000000,Nikel,Ni,Logam Besi dan Paduan Besi,Bintaro,Sulawesi Tenggara,Operasi Produksi,132002360,157581306120,"Blok Bintaro, North Grogol, South Grogol, Sawit, 200 spc Sawit","PT Makmur Lestari Primatama, Laporan RKAB Tahun 2022",1503,122.265,-3.287,IUP,Kecamatan Langgikima Kab. Konawe Utara,407.0,2029-11-22,,54159.842,32.92,26335.9,,Active
Molawe,Konawe Utara,Nikel Boedingi,2165000000,Nikel,Ni,Logam Besi dan Paduan Besi,Boedingi,Sulawesi Tenggara,Operasi Produksi,11847040,15093128960,"Blok Selatan (Pit 1), Blok Utara (Pit 2)","PT Manunggal Sarana Surya Pratama, Laporan RKAB Tahun 2020",1515,122.3813,-3.418,IUP,Kec. Lasolo,284.92,2032-10-08,2014-12-08,65025.315,438.098,42628.421,17.846575342465755,Active
Kabaena Selatan,Bombana,Nikel Lamkema,2570000000,Nikel,Ni,Logam Besi dan Paduan Besi,Lamkema,Sulawesi Tenggara,Operasi Produksi,5151560,7717036880,"Kadar Ni 1,2% dan 1,8%","PT Margo Karya Mandiri, Laporan RKAB Tahun 2020",1592,121.894,-5.3318,IUP,Kec. Kabaena Kab. Bombana,2128.0,2030-10-06,2020-10-07,13420.28,3952.492,49511.24,10.002739726027396,Active
Molawe,Konawe Utara,Nikel Marombo 1,2155000000,Nikel,Ni,Logam Besi dan Paduan Besi,Marombo 1,Sulawesi Tenggara,Operasi Produksi,21000000,39900,-,"PT Masempo Dalle, Laporan RKAB Teknis Lingkungan Tahun 2018",1504,122.258,-3.39,IUP,"Kec. Langgikima, Konut",103.2,2031-08-23,2011-08-23,65219.159,522.006,37744.071,20.013698630136986,Active
Langgikima,Konawe Utara,Nikel Lamonae 3,1410000000,Nikel,Ni,Logam Besi dan Paduan Besi,Lamonae 3,Sulawesi Tenggara,Operasi Produksi,0,0,-,"PT Meta Mineral Pradana, 2013",1420,122.206,-3.233,IUP,Kec Wiwirano,470.0,2030-07-14,2010-07-14,47252.125,881.945,21586.59,20.013698630136986,Active
Langgikima,Konawe Utara,Nikel Osu Ranonuwue,2167000000,Nikel,Ni,Logam Besi dan Paduan Besi,Osu Ranonuwue,Sulawesi Tenggara,Operasi Produksi,0,0,-,"PT Mitra Utama Resources, Laporan RKAB Tahun 2018",1517,122.215,-3.363,IUP,"Kec. Langgikima, Konawe Utara",237.9,2031-07-12,2011-07-12,61657.726,1149.236,35277.95,20.013698630136986,Active
Routa,Konawe,Nikel Routa 1,1407000000,Nikel,Ni,Logam Besi dan Paduan Besi,Routa 1,Sulawesi Tenggara,Eksplorasi,0,0,-,"PT Modern Cahaya Makmur, 2015",1417,121.705,-3.024,IUP,"Kec. Routa, Konawe",5053.0,2032-12-08,2012-12-08,,,,20.013698630136986,Active
Puriala,Konawe,Nikel Puriala,1933000000,Nikel,Ni,Logam Besi dan Paduan Besi,Puriala,Sulawesi Tenggara,Eksplorasi,6223870,8495582550,-,"PT Modern Cahaya Makmur, Laporan RKAB Tahun 2019",1465,122.088,-4.02,IUP,"Kec. Puriala, Konawe",1522.0,2032-12-28,2012-02-29,,,,20.843835616438355,Active
Tolala,Kolaka Utara,Nikel Tolala,299000000,Nikel,Ni,Logam Besi dan Paduan Besi,Tolala,Sulawesi Tenggara,Operasi Produksi,0,0,"Kadar Ni 0,92% - 0,95%","PT Mulia Makmur Perkasa, 2010",1312,121.1,-2.91,IUP,"Desa Patikala, Tolala Kec Tolala",2450.0,2029-07-16,2009-07-17,19243.9,239.695,48660.854,20.01095890410959,Active
Kabaena Timur,Bombana,Nikel Tapuhaka,2569000000,Nikel,Ni,Logam Besi dan Paduan Besi,Tapuhaka,Sulawesi Tenggara,Operasi Produksi,2335560,349866888,"Kadar Ni 1,6% dan 2,11%","PT Narayana Lambale Selaras, Laporan RKAB Tahun 2020",1591,122.0255,-5.3198,IUP,"Kabupaten Bombana, Kecamatan Kabaena Timur",414.0,2033-06-22,2023-06-22,2772.735,40.481,47285.203,10.008219178082191,Active
Molawe,Konawe Utara,Nikel Boenaga 1,2532000000,Nikel,Ni,Logam Besi dan Paduan Besi,Boenaga 1,Sulawesi Tenggara,Operasi Produksi,60589450,76342707,"4 blok, kadar Ni 1,4% s.d. 2%","PT Paramitha Persada Tama, Laporan RKAB Tahun 2020",1554,122.3798,-3.4394,IUP,Kec. Lasolo,175.0,2032-04-03,2012-04-03,62861.294,23.323,44853.851,20.013698630136986,Active
Tolala,Kolaka Utara,Nikel Patikala 4 Blok Utara,2156000000,Nikel,Ni,Logam Besi dan Paduan Besi,Patikala 4 Blok Utara,Sulawesi Tenggara,Operasi Produksi,61297840,753473042,Ironcap-Limonit-Saprolit,"PT Patrindo Jaya Makmur, Laporan RKAB Tahun 2020",1505,120.99,-2.843,IUP,"Desa Patikala, Kecamatan Tolala",500.0,2027-12-05,2012-12-05,12082.04,7800.388,52655.578,15.008219178082191,Active
Tolala,Kolaka Utara,Nikel Patikala 4 Blok Selatan,2533000000,Nikel,Ni,Logam Besi dan Paduan Besi,Patikala 4 Blok Selatan,Sulawesi Tenggara,Operasi Produksi,81921670,10069811465,"Laterit dimulai dari ironcap sampai rocky sparolit dengan kadar Ni 0,6% s.d. 2,6%","PT Patrindo Jaya Makmur, Laporan RKAB Tahun 2020",1555,121.0002,-2.8586,IUP,"Desa Patikala, Kecamatan Tolala",500.0,2027-12-05,2012-12-05,13208.129,6960.67,52753.795,15.008219178082191,Active
Lasolo,Konawe Utara,Nikel Waturambaha 1,2791000000,Nikel,Ni,Logam Besi dan Paduan Besi,Waturambaha 1,Sulawesi Tenggara,Operasi Produksi,11634070,154733131,"Kadar Ni 1,5% s.d. 2,1%","PT Pernick Sultra, Laporan RKAB Tahun 2020",1609,122.3032,-3.3628,IUP,Kecamatan Langgikima,539.0,2031-08-23,2011-08-23,63282.844,112.148,34898.963,20.013698630136986,Active
Tanggetada,Kolaka,Nikel Sopura 1,1946000000,Nikel,Ni,Logam Besi dan Paduan Besi,Sopura 1,Sulawesi Tenggara,Operasi Produksi,899650,1133559,"Kadar Ni > 1,4% s.d. 2,1%","PT Pernick Sultra, Laporan RKAB Tahun 2020",1478,121.531,-4.297,IUP ,Tanggetada,108.0,2030-04-12,2010-04-12,15465.641,613.79,4783.957,20.013698630136986,Active
Lasolo,Konawe Utara,Nikel Tapu Boedingin,2814000000,Nikel,Ni,Logam Besi dan Paduan Besi,Tapu Boedingin,Sulawesi Tenggara,Operasi Produksi,4500,55125,"Blok A, kadar Ni 1,5% dan 1,75%","PT Primastian Metal Pratama, Laporan RKAB Tahun 2020 (Tabulasi Dinas ESDM Provinsi)",1632,122.37,-3.457,IUP,Kec. Lasolo,102.0,2031-12-23,2018-03-02,61446.172,1334.369,46459.399,13.819178082191781,Active
Lasusua,Kolaka Utara,Nikel Pitulua 1,2548000000,Nikel,Ni,Logam Besi dan Paduan Besi,Pitulua 1,Sulawesi Tenggara,Operasi Produksi,15125000,16410625,-,"PT Putra Dermawan Pratama, Laporan RKAB Tahun 2019",1570,120.954,-3.623,IUP,"Desa Sulaho, Kec. Lasusua, Kab. Kolaka Utara, Sulawesi Tenggara",100.0,2026-06-04,2011-07-04,24282.603,129.615,45933.546,14.92876712328767,Active
Lasolo,Konawe Utara,Nikel Tapunggaya 6,2863000000,Nikel,Ni,Logam Besi dan Paduan Besi,Tapunggaya 6,Sulawesi Tenggara,Operasi Produksi,13610280,16547020840,"Kadar Ni 1,38 % - 1,73 %","PT Putra Intisultra Perkasa (70/DPMPTSP/II/2019), Persetujuan RKAB Tahun 2021",1660,122.37,-3.457,IUP,Kec. Lasolo,261.0,2031-12-23,2011-12-23,61446.172,1334.369,46459.399,20.013698630136986,Active
Lasolo,Konawe Utara,Nikel Tapunggaya 5,2813000000,Nikel,Ni,Logam Besi dan Paduan Besi,Tapunggaya 5,Sulawesi Tenggara,Operasi Produksi,253080233,318881093580,"Kadar rata-rata Ni 1,85%","PT Putra Kendari Sejahtera, Laporan RKAB Tahun 2022",1631,122.363,-3.3867,IUP,Kec. Langgikima,218.0,2031-07-27,2011-07-27,67712.589,2263.718,38739.235,20.013698630136986,Active
Pomalaa,Kolaka,Nikel Pesouha,2163000000,Nikel,Ni,Logam Besi dan Paduan Besi,Pesouha,Sulawesi Tenggara,Operasi Produksi,24535600,24044888,"Blok Utara dan Blok Selatan dengan kadar Ni 1,3% dan 1,4%Kadar","PT Putra Mekongga Sejahtera, Laporan RKAB Tahun 2022",1512,121.6348,-4.218,IUP,Kecamatan Pomalaa,388.0,2027-05-21,2017-05-22,6274.055,317.527,4980.748,10.002739726027396,Active
Porehu,Kolaka Utara,Nikel Larui,1387000000,Nikel,Ni,Logam Besi dan Paduan Besi,Larui,Sulawesi Tenggara,Eksplorasi,0,0,-,"PT Ranaspri Ayanori, 2013",1406,121.153,-2.902,IUP,"Desa Lawaki Jaya, Kecamatan Tolala",1050.0,2027-12-05,2012-12-05,,,,15.008219178082191,Active
Molawe,Konawe Utara,Nikel Boenaga,1942000000,Nikel,Ni,Logam Besi dan Paduan Besi,Boenaga,Sulawesi Tenggara,Operasi Produksi,6517990,82126674,-,"PT Rizki Sinar Biokas, Laporan RKAB Tahun 2020",1474,122.368,-3.418,IUP,Molawe,220.0,2032-02-14,2017-01-05,65538.863,1914.992,42225.501,15.117808219178082,Active
Molawe,Konawe Utara,Nikel Blok I dan Blok II Tapunggaya,2561000000,Nikel,Ni,Logam Besi dan Paduan Besi,Wawalalindu,Sulawesi Tenggara,Operasi Produksi,0,0,"3 blok, kadar Ni 1,5% s.d. 1,6%","PT Rizqi Biokas Pratama, Laporan RKAB Tahun 2020",1583,122.1918,-3.5948,IUP,Molawe,251.0,2032-02-28,2019-01-29,59868.969,15.574,42463.572,13.09041095890411,Active
Kabaena Tengah,Bombana,Nikel Lengora 1 (Blok A 11),2166000000,Nikel,Ni,Logam Besi dan Paduan Besi,Lengora 1 (Blok A 11),Sulawesi Tenggara,Operasi Produksi,6867151,8467558235,Limonit-Saprolit,"PT Rohul Energi Indonesia, Laporan RKAB Tahun 2020",1516,121.9669,-5.1454,IUP,"Kec. Kabaena tengah, Kab. Bombana",3450.0,2032-01-30,2019-08-28,10716.825,1735.667,27899.134,12.432876712328767,Active
Kabaena Tengah,Bombana,Nikel Lengora 1 (Blok A 2),2846000000,Nikel,Ni,Logam Besi dan Paduan Besi,Lengora 1 (Blok A 2),Sulawesi Tenggara,Operasi Produksi,108625315,14325706112,"Limonit, Saprolit","PT Rohul Energi Indonesia, Laporan RKAB Tahun 2021 (SDC September 2020)",1643,121.967,-5.1453,IUP,"Kec. Kabaena tengah, Kab. Bombana",3450.0,2032-01-30,2019-08-28,10716.711,1720.174,27887.219,12.432876712328767,Active
Kabaena Tengah,Bombana,Nikel Lengora 1 (Blok A 7),2847000000,Nikel,Ni,Logam Besi dan Paduan Besi,Lengora 1 (Blok A 7),Sulawesi Tenggara,Operasi Produksi,11738470,13094960042,"Limonit, Saprolit","PT Rohul Energi Indonesia, Laporan RKAB Tahun 2021 (SDC September 2020)",1644,121.967,-5.1453,IUP,"Kec. Kabaena tengah, Kab. Bombana",3450.0,2032-01-30,2019-08-28,10716.711,1720.174,27887.219,12.432876712328767,Active
Kabaena Tengah,Bombana,Nikel Lengora 1 (Blok AB),2848000000,Nikel,Ni,Logam Besi dan Paduan Besi,Lengora 1 (Blok AB),Sulawesi Tenggara,Operasi Produksi,345002,0,"Limonit, Saprolit","PT Rohul Energi Indonesia, Laporan RKAB Tahun 2021 (SDC September 2020)",1645,121.967,-5.1453,IUP,"Kec. Kabaena tengah, Kab. Bombana",3450.0,2032-01-30,2019-08-28,10716.711,1720.174,27887.219,12.432876712328767,Active
Kabaena Tengah,Bombana,Nikel Lengora 1 (Blok A 12),2849000000,Nikel,Ni,Logam Besi dan Paduan Besi,Lengora 1 (Blok A 12),Sulawesi Tenggara,Operasi Produksi,0,0,"Limonit, Saprolit","PT Rohul Energi Indonesia, Laporan RKAB Tahun 2021 (SDC September 2020)",1646,121.967,-5.1453,IUP,"Kec. Kabaena tengah, Kab. Bombana",3450.0,2032-01-30,2019-08-28,10716.711,1720.174,27887.219,12.432876712328767,Active
Kabaena Tengah,Bombana,Nikel Lengora 1 (Blok A 15),2850000000,Nikel,Ni,Logam Besi dan Paduan Besi,Lengora 1 (Blok A 15),Sulawesi Tenggara,Operasi Produksi,0,0,"Limonit, Saprolit","PT Rohul Energi Indonesia, Laporan RKAB Tahun 2021 (SDC September 2020)",1647,121.967,-5.1453,IUP,"Kec. Kabaena tengah, Kab. Bombana",3450.0,2032-01-30,2019-08-28,10716.711,1720.174,27887.219,12.432876712328767,Active
Kabaena Tengah,Bombana,Nikel Lengora 1 (Blok B1),2851000000,Nikel,Ni,Logam Besi dan Paduan Besi,Lengora 1 (Blok B1),Sulawesi Tenggara,Operasi Produksi,0,0,"Limonit, Saprolit","PT Rohul Energi Indonesia, Laporan RKAB Tahun 2021 (SDC September 2020)",1648,121.967,-5.1453,IUP,"Kec. Kabaena tengah, Kab. Bombana",3450.0,2032-01-30,2019-08-28,10716.711,1720.174,27887.219,12.432876712328767,Active
Molawe,Konawe Utara,Nikel Waturambaha,2168000000,Nikel,Ni,Logam Besi dan Paduan Besi,Waturambaha,Sulawesi Tenggara,Operasi Produksi,50601750,6198714375,Blok 1-7,"PT Roshini Indonesia, Laporan RKAB Tahun 2018",1518,122.35,-3.387,IUP,"Kec. Lasolo, Konawe Utara",109.0,2029-07-17,2019-07-18,67287.641,2711.409,38413.773,10.005479452054795,Active
Palangga,Konawe Selatan,Nikel Ululakara,1416000000,Nikel,Ni,Logam Besi dan Paduan Besi,Ululakara,Sulawesi Tenggara,Operasi Produksi,0,0,"Kadar Ni 1%, dan 1,5% s.d. 1,7%","PT Sambas Minerals Mining, Laporan RKAB Tahun 2019 (Tabulasi Dinas ESDM Provinsi)",1425,122.338,-4.399,IUP,"Desa Watudempa, Kec. Palngga Selatan, Kab. Konawe Selatan",1008.0,2030-02-15,2020-02-15,14210.354,468.021,6601.051,10.008219178082191,Active
Palangga Selatan,Konawe Selatan,Nikel Parasi,2563000000,Nikel,Ni,Logam Besi dan Paduan Besi,Parasi,Sulawesi Tenggara,Operasi Produksi,220900000,262871,"Blok A, B dan C dengan kadar Ni 1,32% - 1,7%","PT Sentratama Karya Cemerlang (SK Bupati Konawe Selatan Nomor 540/1172 Tahun 2014), Laporan RKAB Tahun 2021",1585,122.404,-4.371,IUP,"Desa Wawowonua dan sekitarnya, Kec. Palangga Selatan, Kab. Konawe Selatan",1226.0,2028-07-28,2018-07-28,10233.69,271.343,10742.617,10.008219178082191,Active
Palangga,Konawe Selatan,Nikel Kiaea,2815000000,Nikel,Ni,Logam Besi dan Paduan Besi,Kiaea,Sulawesi Tenggara,Operasi Produksi,10000000,12600,"Blok A, B dan C dengan kadar Ni 1,32% s.d. 1,7%","PT Sentratama Karya Cemerlang, Laporan RKAB Tahun 2019 (Tabulasi Dinas ESDM Provinsi)",1633,122.404,-4.3708,IUP,"Desa Wawowonua dan sekitarnya, Kec. Palangga Selatan, Kab. Konawe Selatan",1226.0,2028-07-28,2018-07-28,10251.824,291.679,10761.905,10.008219178082191,Active
Molawe,Konawe Utara,Nikel Blok Helipad Waturambaha (B30),2169000000,Nikel,Ni,Logam Besi dan Paduan Besi,Blok Helipad Waturambaha (B30),Sulawesi Tenggara,Operasi Produksi,0,0,"Kadar Ni 1,53%, 1,7%, 1,75% dan 1,71%","PT Sinar Jaya Sultra Utama, Laporan RKAB Tahun 2020",1519,122.3366,-3.3682,IUP,Kec. Lasolo,301.0,2032-03-30,2012-03-30,64857.378,186.123,36061.47,20.013698630136986,Active
Molawe,Konawe Utara,Nikel Blok A Waturambaha,2170000000,Nikel,Ni,Logam Besi dan Paduan Besi,Blok A Waturambaha,Sulawesi Tenggara,Operasi Produksi,0,0,Data SDC digabungkan di Blok Helipad Waturambaha,"PT Sinar Jaya Sultra Utama, Laporan RKAB Tahun 2020",1520,122.337,-3.3723,IUP,Kec. Lasolo,301.0,2032-03-30,2012-03-30,65303.778,616.925,36514.434,20.013698630136986,Active
Molawe,Konawe Utara,Nikel Blok B Waturambaha,2171000000,Nikel,Ni,Logam Besi dan Paduan Besi,Blok B Waturambaha,Sulawesi Tenggara,Operasi Produksi,0,0,Data SDC digabungkan di Blok Helipad Waturambaha,"PT Sinar Jaya Sultra Utama, Laporan RKAB Tahun 2020",1521,122.3371,-3.3752,IUP,Kec. Lasolo,301.0,2032-03-30,2012-03-30,65613.658,922.246,36830.776,20.013698630136986,Active
Molawe,Konawe Utara,Nikel Blok C Waturambaha,2172000000,Nikel,Ni,Logam Besi dan Paduan Besi,Blok C Waturambaha,Sulawesi Tenggara,Operasi Produksi,0,0,Data SDC digabungkan di Blok Helipad Waturambaha,"PT Sinar Jaya Sultra Utama, Laporan RKAB Tahun 2020",1522,122.3297,-3.372,IUP,Kec. Lasolo,301.0,2032-03-30,2012-03-30,65038.588,640.342,36326.503,20.013698630136986,Active
Molawe,Konawe Utara,Nikel Blok D Waturambaha,2173000000,Nikel,Ni,Logam Besi dan Paduan Besi,Blok D Waturambaha,Sulawesi Tenggara,Operasi Produksi,0,0,Data SDC digabungkan di Blok Helipad Waturambaha,"PT Sinar Jaya Sultra Utama, Laporan RKAB Tahun 2020",1523,122.3301,-3.3754,IUP,Kec. Lasolo,301.0,2032-03-30,2012-03-30,65411.856,1003.527,36704.316,20.013698630136986,Active
Molawe,Konawe Utara,Nikel Blok E Waturambaha,2174000000,Nikel,Ni,Logam Besi dan Paduan Besi,Blok E Waturambaha,Sulawesi Tenggara,Operasi Produksi,0,0,Data SDC digabungkan di Blok Helipad Waturambaha,"PT Sinar Jaya Sultra Utama, Laporan RKAB Tahun 2020",1524,122.3375,-3.3796,IUP,Kec. Lasolo,301.0,2032-03-30,2012-03-30,66092.037,1404.605,37316.379,20.013698630136986,Active
Molawe,Konawe Utara,Nikel Blok F Waturambaha,2175000000,Nikel,Ni,Logam Besi dan Paduan Besi,Blok F Waturambaha,Sulawesi Tenggara,Operasi Produksi,0,0,Data SDC digabungkan di Blok Helipad Waturambaha,"PT Sinar Jaya Sultra Utama, Laporan RKAB Tahun 2020",1525,122.3378,-3.3821,IUP,Kec. Lasolo,301.0,2032-03-30,2012-03-30,66366.252,1681.892,37593.93,20.013698630136986,Active
Molawe,Konawe Utara,Nikel Blok G Waturambaha,2176000000,Nikel,Ni,Logam Besi dan Paduan Besi,Blok G Waturambaha,Sulawesi Tenggara,Operasi Produksi,0,0,Data SDC digabungkan di Blok Helipad Waturambaha,"PT Sinar Jaya Sultra Utama, Laporan RKAB Tahun 2020",1526,122.3379,-3.3845,IUP,Kec. Lasolo,301.0,2032-03-30,2012-03-30,66623.491,1944.377,37856.257,20.013698630136986,Active
Molawe,Konawe Utara,Nikel Blok H Waturambaha,2177000000,Nikel,Ni,Logam Besi dan Paduan Besi,Blok H Waturambaha,Sulawesi Tenggara,Operasi Produksi,0,0,Data SDC digabungkan di Blok Helipad Waturambaha,"PT Sinar Jaya Sultra Utama, Laporan RKAB Tahun 2020",1527,122.3378,-3.3867,IUP,Kec. Lasolo,301.0,2032-03-30,2012-03-30,66853.215,2182.311,38092.58,20.013698630136986,Active
Pondidaha,Konawe,Nikel Amonggedo,1940000000,Nikel,Ni,Logam Besi dan Paduan Besi,Amonggedo,Sulawesi Tenggara,Operasi Produksi,74131240,77837802,"Data Blok Amogedo dan Blok Ponodaha disatukan, CoG Ni >1,4% Fe <18%","PT ST. Nickel Resources, Laporan RKAB Tahun 2020",1472,122.268,-3.919,IUP,"Kec. Besulutu, Amongggedo",1818.0,2029-10-27,2014-07-16,35013.716,759.447,16844.427,15.293150684931506,Active
Pondidaha,Konawe,Nikel Ponidaha,1941000000,Nikel,Ni,Logam Besi dan Paduan Besi,Ponidaha,Sulawesi Tenggara,Operasi Produksi,78834860,82776603,"Data Blok Amogedo dan Blok Ponodaha disatukan, CoG Ni >1,4% Fe <18%","PT ST. Nickel Resources, Laporan RKAB Tahun 2020",1473,122.272,-3.916,IUP,"Kec. Besulutu, Amongggedo",1818.0,2029-10-27,2014-07-16,34633.048,1229.589,16371.623,15.293150684931506,Active
Langgikima,Konawe Utara,Nikel Lamonae 5,1412000000,Nikel,Ni,Logam Besi dan Paduan Besi,Lamonae 5,Sulawesi Tenggara,Operasi Produksi,75810000,8968323,-,"PT Stargate Pasific Resources, 2015",1422,122.27,-3.341,IUP,Langgikima,1213.2,2029-12-21,2017-08-03,60121.423,188.032,32299.823,12.391780821917807,Active
Langgikima,Konawe Utara,Nikel Blok Lameluru-Molore-Tobimeta,2556000000,Nikel,Ni,Logam Besi dan Paduan Besi,Blok Lameluru-Molore-Tobimeta,Sulawesi Tenggara,Operasi Produksi,0,2943516,"3 blok, kadar Ni 1,52% s.d. 1,71%","PT Stargate Pasific Resources, Laporan RKAB Tahun 2022",1578,122.2706,-3.3404,IUP,"Kec. Langgikima, Konawe Utara",461.1,2031-02-01,2011-02-01,60069.383,231.42,32233.407,20.013698630136986,Active
Molawe,Konawe Utara,Nikel Boedingin,2178000000,Nikel,Ni,Logam Besi dan Paduan Besi,Boedingin,Sulawesi Tenggara,Operasi Produksi,0,0,-,"PT Sujud Bumi Berkah, Laporan Studi Kelauakan Tahun 2011",1528,122.338,-3.407,IUP,Kec. Lasolo,168.0,2031-02-16,2012-02-16,67919.116,4897.18,40300.261,19.013698630136986,Active
Routa,Konawe,Nikel Prospek Bravo Romeo 1,2843000000,Nikel,Ni,Logam Besi dan Paduan Besi,Prospek Bravo Romeo 1,Sulawesi Tenggara,Operasi Produksi,0,0,"Limonit, Saprolit kadar rendah-tinggi","PT Sulawesi Cahaya Mineral, Laporan RKAB Tahun 2022",1640,121.806,-2.9849,IUP,Kecamatan Routa,21100.0,2037-09-14,2019-11-18,44433.313,7877.574,35144.725,17.835616438356166,Active
Routa,Konawe,Nikel Prospek Bravo Romeo 2 dan 3,2844000000,Nikel,Ni,Logam Besi dan Paduan Besi,Prospek Bravo Romeo 2 dan 3,Sulawesi Tenggara,Operasi Produksi,0,0,"Limonit, Saprolit kadar rendah-tinggi","PT Sulawesi Cahaya Mineral, Laporan RKAB Tahun 2022",1641,121.806,-2.9849,IUP,Kecamatan Routa,21100.0,2037-09-14,2019-11-18,44433.313,7877.574,35144.725,17.835616438356166,Active
Routa,Konawe,Nikel Prospek Delta Sierra,2845000000,Nikel,Ni,Logam Besi dan Paduan Besi,Prospek Delta Sierra,Sulawesi Tenggara,Operasi Produksi,0,0,"Limonit, Saprolit kadar rendah-tinggi","PT Sulawesi Cahaya Mineral, Laporan RKAB Tahun 2022",1642,121.806,-2.9849,IUP,Kecamatan Routa,21100.0,2037-09-14,2019-11-18,44433.313,7877.574,35144.725,17.835616438356166,Active
Pondidaha,Konawe,Nikel Blok SK 1 Pondidaha,2530000000,Nikel,Ni,Logam Besi dan Paduan Besi,Blok SK 1 Pondidaha,Sulawesi Tenggara,Operasi Produksi,10399500,127393875,"Kadar Ni 1,5% s.d. 1,8%","PT Sulemandara Konawe, Laporan RKAB Tahun 2019 (Tabulasi Dinas ESDM Provinsi)",1552,122.27,-3.91,IUP,"Desa Pondidaha, Kec. Pondidaha",100.0,2028-03-25,2008-05-25,34974.765,1085.238,16551.877,19.846575342465755,Active
Molawe,Konawe Utara,Nikel Tapunggaya 3,2794000000,Nikel,Ni,Logam Besi dan Paduan Besi,Tapunggaya 3,Sulawesi Tenggara,Operasi Produksi,31666410,31033081800,"Blok I dan Blok II, kadar Ni 1,4% s.d. 2%","PT Sumber Bumi Putra, Laporan RKAB Tahun 2020",1612,122.1775,-3.5238,IUP,Sulawesi Tenggara,218.21,2032-03-10,2024-11-19,66628.291,475.064,49838.453,7.30958904109589,Active
Kabaena Selatan,Bombana,Nikel Batuawu,2568000000,Nikel,Ni,Logam Besi dan Paduan Besi,Batuawu,Sulawesi Tenggara,Operasi Produksi,21153870,236923344,"Kadar Ni 1,4% dan 1,6%","PT Tambang Bumi Sulawesi, Laporan RKAB Tahun 2020",1590,121.8783,-5.3521,IUP,"Kecamatan Kabaena Selatan, Kabupaten Bombana",1533.0,2032-12-29,2022-12-12,13579.458,1418.696,52084.537,10.054794520547945,Active
Batuputih dan Tolala,Kolaka Utara,Nikel Mosiku,2793000000,Nikel,Ni,Logam Besi dan Paduan Besi,Mosiku,Sulawesi Tenggara,Operasi Produksi,27635630,35636302940,"Blok Anoa, Tapir, Makaka dan Komodo, kadar Ni 1,64% s.d. 1,87%","PT Tambang Mineral Maju, Laporan RKAB Tahun 2020",1611,121.0603,-2.8405,IUP,"Desa Latou, Musiku dan Lelewaw",738.0,2026-08-11,2011-08-16,10659.573,4.529,46284.5,14.997260273972604,Active
Kabaena Selatan,Bombana,Nikel Pongkalaero 1,2804000000,Nikel,Ni,Logam Besi dan Paduan Besi,Pongkalaero 1,Sulawesi Tenggara,Operasi Produksi,5900000,77308,"Blok 2, Blok 3 dan Blok 5 (limonit dan saprolit","PT Tekonindo, Laporan RKAB Tahun 2020 (Tabulasi Ditjen Minerba)",1622,121.9091,-5.3739,IUP,"Kec Kabaena Barat, Kab Bombana",531.3,1930-04-22,2019-07-31,16784.116,2068.697,53778.172,-89.33424657534246,Expired
Kabaena Barat,Bombana,Nikel Rahampuu,2180000000,Nikel,Ni,Logam Besi dan Paduan Besi,Rahampuu,Sulawesi Tenggara,Operasi Produksi,10662000,13619487,"Kadar Ni 1,66% - 1,82%","PT Timah Investasi Mineral, Laporan RKAB Tahun 2022",1530,121.8258,-5.2584,IUP,"Kec. Kabaena, Kab. Bombana",300.0,2029-03-31,2019-04-01,3466.742,91.15,44098.609,10.005479452054795,Active
Langgikima,Konawe Utara,Nikel Lamonae 4,2558000000,Nikel,Ni,Logam Besi dan Paduan Besi,Lamonae 4,Sulawesi Tenggara,Operasi Produksi,0,0,"Blok I, Blok II dan Blok IV, kadar Ni 1,45% s.d. 1,8%","PT Tiran Indonesia, Laporan RKAB Tahun 2022",1580,122.2874,-3.2131,IUP,"Kec. Langgikima, Konawe Utara",1411.35,2033-07-30,2013-07-30,46857.317,1706.739,18252.616,20.013698630136986,Active
Kabaena Timur,Bombana,Nikel Lengora,2522000000,Nikel,Ni,Logam Besi dan Paduan Besi,Lengora,Sulawesi Tenggara,Eksplorasi,0,0,"OB (Ni 0,92%), Limonit (NI 1,4%), Saprolit (1,69%)","PT Tonia Mitra Sejahtera, Laporan RKAB Tahun 2020",1544,122.042,-5.206,IUP,"Kecamatan Kabaena Timur dan Kabaena Tengah, Kabupaten Bombana, Provinsi Sulawesi Tenggara",5891.0,2033-08-03,2023-08-03,,,,10.008219178082191,Active
Kabaena Barat,Bombana,Nikel Baliara,1422000000,Nikel,Ni,Logam Besi dan Paduan Besi,Baliara,Sulawesi Tenggara,Operasi Produksi,35000000,45325,"Kadar Ni 0,9% s.d. 1,8%","PT Trias Jaya Agung, Laporan RKAB Tahun 2020",1431,121.839,-5.246,IUP,"Desa Rahampuu, Kelurahan Teomokole, Kecamatan Kabaena",512.0,2030-12-07,2020-12-08,5233.338,986.698,42258.658,10.002739726027396,Active
Molawe,Konawe Utara,Nikel Morombo,2147000000,Nikel,Ni,Logam Besi dan Paduan Besi,Morombo,Sulawesi Tenggara,Operasi Produksi,17100000,204687,"Blok B, kadar Ni 1,72% dan 1,71%","PT Tristaco Mineral Makmur, Laporan RKAB Tahun 2020",1496,122.274,-3.37,IUP,Kec. Lasolo,138.9,2032-08-29,2012-08-29,63353.639,44.575,35508.529,20.013698630136986,Active
Pomalaa,Kolaka,Nikel Pomalaa HPAL,305000000,Nikel,Ni,Logam Besi dan Paduan Besi,Blok 1 Pomalaa HPAL,Sulawesi Tenggara,Eksplorasi,0,0,Limonit-Saprolit (wmt),"PT Vale, Laporan RKAB Tahun 2020 (Tabulasi Ditjen Minerba)",1317,121.668,-4.227,IUPK,"Blok Pomala, Kab. Kolaka dan Kab. Kolaka Timur",20286.0,2035-12-28,2024-05-03,,,,11.66027397260274,Active
Baula,Kolaka,Nikel Blok 2 Pomalaa HPAL,2137000000,Nikel,Ni,Logam Besi dan Paduan Besi,Blok 2 Pomalaa HPAL,Sulawesi Tenggara,Eksplorasi,0,0,-,"PT Vale, Revisi Laporan Studi Kelayakan HPAL Pomalaa",1486,121.703,-4.196,IUPK,"Blok Pomala, Kab. Kolaka dan Kab. Kolaka Timur",20286.0,2035-12-28,2024-05-03,,,,11.66027397260274,Active
Pomalaa,Kolaka,Nikel Blok 3 Pomalaa HPAL,2138000000,Nikel,Ni,Logam Besi dan Paduan Besi,Blok 3 Pomalaa HPAL,Sulawesi Tenggara,Eksplorasi,0,0,Limonit dan Saprolit (wmt),"PT Vale, Revisi Laporan Studi Kelayakan HPAL Pomalaa",1487,121.719,-4.239,IUPK,"Blok Pomala, Kab. Kolaka dan Kab. Kolaka Timur",20286.0,2035-12-28,2024-05-03,,,,11.66027397260274,Active
Pomalaa,Kolaka,Nikel Blok 4 Pomalaa HPAL,2139000000,Nikel,Ni,Logam Besi dan Paduan Besi,Blok 4 Pomalaa HPAL,Sulawesi Tenggara,Eksplorasi,0,0,Limonit dan Saprolit (wmt),"PT Vale, Revisi Laporan Studi Kelayakan HPAL Pomalaa",1488,121.685,-4.271,IUPK,"Blok Pomala, Kab. Kolaka dan Kab. Kolaka Timur",20286.0,2035-12-28,2024-05-03,,,,11.66027397260274,Active
Pomalaa,Kolaka,Nikel Blok 5 Pomalaa HPAL,2140000000,Nikel,Ni,Logam Besi dan Paduan Besi,Blok 5 Pomalaa HPAL,Sulawesi Tenggara,Eksplorasi,0,0,Limonit dan Saprolit (wmt),"PT Vale, Revisi Laporan Studi Kelayakan HPAL Pomalaa",1489,121.651,-4.215,IUPK,"Blok Pomala, Kab. Kolaka dan Kab. Kolaka Timur",20286.0,2035-12-28,2024-05-03,,,,11.66027397260274,Active
Wolo,Kolaka,Nikel Blok Tanjung Baja,2564000000,Nikel,Ni,Logam Besi dan Paduan Besi,Blok Tanjung Baja,Sulawesi Tenggara,Operasi Produksi,20166090,254092734,"Kadar Ni 1,5% - 2,3%","PT Waja Inti Lestari, Laporan RKAB Tahun 2020",1586,121.281,-3.862,IUP,"Wolo, Kolaka",210.3,2030-07-26,2020-07-27,36998.334,1163.375,2109.182,10.002739726027396,Active
Lasolo Kepulauan,Konawe Utara,Nikel Blok WSM 1-7,2946000000,Nikel,Ni,Logam Besi dan Paduan Besi,Blok WSM 1-7,Sulawesi Tenggara,Operasi Produksi,0,0,-,"PT Wanggudu Sumber Mineral, Laporan RKAB Tahun 2022",1666,122.353,-3.414,IUP,Lasolo,203.0,2032-03-30,2017-11-06,66562.36,3593.313,41397.682,14.405479452054795,Active
Laeya,Konawe Selatan,Nikel Torobulu,310000000,Nikel,Ni,Logam Besi dan Paduan Besi,Torobulu,Sulawesi Tenggara,Operasi Produksi,301905920,3523148846,"Blok A, Blok B, Blok C","PT Wijaya Inti Nusantara, Laporan RKAB Tahun 2020",1321,122.459,-4.424,IUP,"Desa Torobulu, Kec. Laeya, Konawe Selatan",1931.0,2029-11-28,2019-11-29,2538.236,674.854,11893.455,10.005479452054795,Active
Obi,Halmahera Selatan,Nikel Baru,306000000,Nikel,Ni,Logam Besi dan Paduan Besi,Baru,Maluku Utara,Explorasi Rinci,0,0,"HFL, Limonit, dan Saprolit","PT Jikodolong Megah Pertiwi, Persetujuan dan Evaluasi Laporan RKAB Tahun 2021",1318,127.527,-1.431,IUP,"Desa Baru Kec. Obi, Kab. Halmahera Selatan",1884.84,2029-04-06,2019-01-14,17467.497,1002.208,10790.88,10.232876712328768,Active
Obi selatan ,Halmahera Selatan,Nikel Malamala Selatan,353000000,Nikel,Ni,Logam Besi dan Paduan Besi,Malamala Selatan,Maluku Utara,Operasi Produksi,200000000,194390,Iron Cap-Limonit-Saprolit,"PT Rimba Kurnia Alam, Laporan RKAB Tahun 2021 (SDC Tahun 2021)",1345,127.601,-1.659,IUP,"Pulau Malamala, Desa Kawasi, Kec. Obi, Kab. Halmahera Selatan",1800.0,2030-01-28,2017-05-29,25221.569,2630.5,23838.423,12.676712328767124,Active
Obi,Halmahera Selatan,Nikel Kawasi,355000000,Nikel,Ni,Logam Besi dan Paduan Besi,Kawasi,Maluku Utara,Operasi Produksi,125000000,110670,"Iron Cap-Limonit-Saprolit, Low Grade High Ferro Ore, Medium Grade Ore","PT Wanatiara Persada, Laporan RKAB Tahun 2022",1346,127.412,-1.586,IUP,Desa Kawasi Kecamatan Obi Kabupaten Halmahera Selatan,1725.54,2031-04-29,2017-06-02,4020.767,728.525,5502.494,13.915068493150685,Active
Obi,Halmahera Selatan,Nikel Baru 1,1434000000,Nikel,Ni,Logam Besi dan Paduan Besi,Baru 1,Maluku Utara,Operasi Produksi,39170000,4426814,"Laterit A, Laterit B, dan Laterit C","PT Obi Putra Mandiri (23 Tahun 2011), Laporan RKAB Tahun 2021",1443,127.499,-1.486,IUP,"Desa Baru Dusun Tabuji-Jikodolong DSK, Kec. Obi, Kab. Halmahera Selatan",4058.0,2031-02-10,2011-02-25,13060.682,701.059,7792.103,19.972602739726028,Active
Obi,Halmahera Selatan,Nikel Laiwui,1435000000,Nikel,Ni,Logam Besi dan Paduan Besi,Laiwui,Maluku Utara,Operasi Produksi,0,0,"OB, limonit dan saprolit","PT Obi Anugerah Mineral, Persetujuan dan Evaluasi Laporan RKAB Tahun 2021",1444,127.616,-1.39,IUP,Desa Baru (Loji) Kec. Obi Kab. Halmahera Selatan,1775.4,2029-04-05,2019-01-14,7000.922,3459.257,21634.222,10.23013698630137,Active
Obi,Halmahera Selatan,Nikel Kawasi 1,1949000000,Nikel,Ni,Logam Besi dan Paduan Besi,Kawasi 1,Maluku Utara,Operasi Produksi,241000000,238140,"OB, limonit dan saprolit, kadar Ni 0,9% s.d. 1,77%","PT Trimegah Bangun Persada, Laporan RKAB Tahun 2022",1481,128.16,0.542,IUP,"Desa Kawasi, Kec. Obi, Kab. Halmahera Selatan",4247.0,2030-02-08,2010-02-08,33430.916,2126.76,19801.427,20.013698630136986,Active
Obi,Halmahera Selatan,Nikel Loji,2185000000,Nikel,Ni,Logam Besi dan Paduan Besi,Loji,Maluku Utara,Operasi Produksi,49000000,54887,"Laterit (COG 1,2% Ni), kadar 0,14% Co","PT Gane Permai Sentosa, laporan RKAB Tahun 2020",1535,127.4415,-1.5774,IUP,Desa Kawasi Kec. Obi Kab. Halmahera Selatan,1276.99,2029-04-05,2020-09-14,5332.907,621.258,4806.907,8.561643835616438,Active
Obi,Halmahera Selatan,Nikel Baru 2,2186000000,Nikel,Ni,Logam Besi dan Paduan Besi,Baru 2,Maluku Utara,Operasi Produksi,80701500,988593375,"Laterit (COG 1,2% Ni), kadar 0, 14% Co","PT Halim Pratama, Laporan RKAB Tahun 2020 (Tabulasi DInas ESDM Provinsi)",1536,127.5406,-1.4716,IUP,"Desa Jikodolong, Kec. Obi, Halmahera Selatan",1317.0,2036-06-15,2016-06-15,17841.13,3337.786,11918.403,20.013698630136986,Active
Obi,Halmahera Selatan,Nikel Baru 3,2187000000,Nikel,Ni,Logam Besi dan Paduan Besi,Baru 3,Maluku Utara,Operasi Produksi,128000000,161280,"Blok A (kadar Ni 1,55%), Blok B (kadar Ni 1,65%) dan Blok C (kadar Ni 1,75%)","PT Intim Mining Sentosa, Laporan RKAB Tahun 2020 (Tabulasi DInas ESDM Provinsi)",1537,127.5586,-1.4411,IUP,Desa Baru Kecamatan Obi Kabupaten Halmahera Selatan,1935.0,2033-03-06,2013-03-06,15483.989,2466.995,13989.25,20.013698630136986,Active
Obi Selatan,Halmahera Selatan,Nikel Fluk,2193000000,Nikel,Ni,Logam Besi dan Paduan Besi,Fluk,Maluku Utara,Operasi Produksi,0,0,-,"PT Gane Tambang Sentosa, Laporan Akhir Eksplorasi Tahun 2017",1543,127.742,-1.621,IUP,Kecamatan Obi Selatan,2314.0,2040-12-04,2020-12-04,32368.129,2055.225,36576.143,20.013698630136986,Active
Obi,Halmahera Selatan,Nikela Malamala Utara,2840000000,Nikel,Ni,Logam Besi dan Paduan Besi,Malamala Utara,Maluku Utara,Operasi Produksi,88000000,78400,"Ironcap, limonit, saprolit A dan saprolit B, kadar Ni 1%-1,9%","PT Rimba Kurnia Alam, Laporan RKAB Tahun 2021 (SDC Tahun 2021)",1637,127.389,-1.5083,IUP,"Pulau Malamala, Desa Kawasi, Kec. Obi, Kab. Halmahera Selatan",1800.0,2030-01-28,2017-05-29,4944.751,120.486,4430.823,12.676712328767124,Active
Weda Tengah,Halmahera Tengah,Nikel Sake Barat,348000000,Nikel,Ni,Logam Besi dan Paduan Besi,Sake Barat,Maluku Utara,Operasi Produksi,19950000,242991,-,"PT Weda Bay Nikel, Laporan RKAB Tahun 2022",1341,127.962,0.493,IUP,"Halmahera Tengah, Halmahera timur",45065.0,2048-02-27,2019-12-30,20790.004,1212.12,3923.922,28.18082191780822,Active
Weda Tengah,Halmahera Tengah,Nikel Blok Sagantel dan Sakaulen,1203000000,Nikel,Ni,Logam Besi dan Paduan Besi,Blok Sagantel dan Sakaulen,Maluku Utara,Operasi Produksi,122036650,1601174813,"Kadar Ni 0,6%-2,6%","PT Tekindo Energi, Persetujuan dan Evaluasi Laporan RKAB Tahun 2021",1379,127.955,0.584,IUP,Desa Lelilef Kec Weda Kab Halmahera Tengah,1000.0,2029-12-21,2012-05-30,29803.66,2510.49,12505.542,17.572602739726026,Active
Weda Utara,Halmahera Tengah,Nikel Messa,1204000000,Nikel,Ni,Logam Besi dan Paduan Besi,Messa,Maluku Utara,Operasi Produksi,10420000,1170687,Limonit-Saprolit,"PT Bakti Pertiwi Nusantara, Laportan RKAB Tahun 2022",1380,128.16,0.542,IUP,Desa Fritu Kec Weda Utara Kab Halmahera Tengah,1232.0,2038-05-10,2012-05-28,33430.916,1913.011,19801.427,25.96712328767123,Active
Weda Utara,Halmahera Tengah,Nikel Fritu 1,1429000000,Nikel,Ni,Logam Besi dan Paduan Besi,Fritu 1,Maluku Utara,Operasi Produksi,45323000,53956602,Limonit-Saprolit,"PT Harum Sukses Mining (SK Bupati Halmahera Tengah No.540/KEP/328/2009, Tahun 2009), Laporan RKAB Tahun 2021",1438,128.16,0.542,IUP,Desa Fritu Kec Weda Utara Kab Halmahera Tengah,511.0,,2012-05-28,33430.916,2126.76,19801.427,,Expired
Weda Utara,Halmahera Tengah,Nikel Waleh,1430000000,Nikel,Ni,Logam Besi dan Paduan Besi,Waleh,Maluku Utara,Explorasi,0,0,-,"PT Putra Prima Sejahtera, 2013",1439,128.079,0.564,IUP,"Desa Sagea, Kec Weda Utara, Kab. Halmahera Tengah",1100.0,2034-01-27,,34727.231,9118.077,13430.37,,Active
Pulau Gede,Halmahera Tengah,Nikel Umera (Pulau Gebe),1432000000,Nikel,Ni,Logam Besi dan Paduan Besi,Umera (Pulau Gebe),Maluku Utara,Operasi Produksi,12913280,1610813904,"Kadar Ni 1,5%-1,8%","PT Bartra Putra Mulia, Laporan RKAB Tahun 2022",1441,129.551,-0.186,IUP,Kec.Pulau Debe Kab Halmahera tengah,1850.0,2032-01-27,2013-01-29,14502.679,1668.647,1589.938,19.005479452054793,Active
Pulau Gede,Halmahera Tengah,Nikel Umera 1,2181000000,Nikel,Ni,Logam Besi dan Paduan Besi,Umera 1,Maluku Utara,Operasi Produksi,47640000,5728933,"Blok 2A, Blok 2B, Blok 2C, Blok 3A, Blok 3B, Blok 5, dan Blok 6","PT Anugerah Sukses Mining (SK Bupati Halmahera Tengah No 540/KEP/315/2013), Laporan RKAB Tahun 2022",1531,129.5202,-0.1768,IUP,"Desa Umera, Kec. Pulau Gebe, Kab. Halmahera Tengah",503.0,2033-08-23,2013-08-23,11184.059,250.44,5148.045,20.013698630136986,Active
Pulau Gede,Halmahera Tengah,Nikel Kacepi,2184000000,Nikel,Ni,Logam Besi dan Paduan Besi,Kacepi,Maluku Utara,Operasi Produksi,0,0,-,"PT Elsaday Mulia, Laporan RKAB Tahun 2018",1534,129.484,-0.1329,IUP,Pulau Gebe,483.0,2033-04-29,2013-04-29,5034.909,366.381,11055.956,20.013698630136986,Active
Weda Tengah,Halmahera Tengah,Nikel Sawai,2190000000,Nikel,Ni,Logam Besi dan Paduan Besi,Sawai,Maluku Utara,Operasi Produksi,61250000,0,Tidak ada data kadar Ni,"PT Halmahera Sukses Mineral, Laporan RKAB Tahun 2021",1540,128.009,0.62,IUP,Weda Kec. Wasile Selatan Kab.,7726.0,2030-12-15,2016-11-20,35699.793,6851.901,15802.267,14.076712328767123,Active
Pulau Gede,Halmahera Tengah,Nikel Ubulie Utara,2550000000,Nikel,Ni,Logam Besi dan Paduan Besi,Ubulie Utara,Maluku Utara,Operasi Produksi,0,0,"Limonit-Saprolit (Blok A, B, C, D, E)","PT Mineral Trobos, Persetujuan dan Evaluasi Laporan RKAB Tahun 2021",1572,129.388,-0.042,IUP,Pulau Gebe,315.0,2038-02-01,2023-05-26,9810.832,128.476,2928.323,14.698630136986301,Active
Weda,Halmahera Tengah,Nikel Sepoh,2802000000,Nikel,Ni,Logam Besi dan Paduan Besi,Sepoh,Maluku Utara,Operasi Produksi,0,0,"Kadar Ni 1,44%-1,6%","PT First Pasific Mining, Laporan RKAB Tahun 2020 (tabulasi Ditjen Minerba)",1620,128.0476,0.5249,IUP,"Desa Sagea, Kec. Weda Utara, Halmahera Tengah",2080.0,2032-10-10,2018-06-04,29171.879,4404.659,7920.91,14.361643835616439,Active
Weda Utara,Halmahera Tengah,Nikel Sagea,2841000000,Nikel,Ni,Logam Besi dan Paduan Besi,Sagea,Maluku Utara,Operasi Produksi,0,0,"Blok 1, Blok 2, Blok 3, dan Blok 4","PT Zhong Hai Rare Metal Mining Indonesia, Laporan RKAB Tahun 2020",1638,128.081,0.5449,IUP,Desa Sagea Kec Weda Utara Kab Halmahera Tengah,688.0,2029-12-21,2018-06-04,33315.837,6205.768,12202.016,11.556164383561644,Active
Weda Utara,Halmahera Tengah,Nikel Sagea 1,2842000000,Nikel,Ni,Logam Besi dan Paduan Besi,Sagea 1,Maluku Utara,Operasi Produksi,0,0,-,"PT Zhong Hai Rare Metal Mining Indonesia, Laporan RKAB Tahun 2020",1639,128.081,0.5499,IUP,Desa Sagea Kec Weda Utara Kab Halmahera Tengah,688.0,2029-12-21,2018-06-04,33717.833,6757.509,12545.384,11.556164383561644,Active
Maba,Halmahera Timur,Nikel Pakaulan,303000000,Nikel,Ni,Logam Besi dan Paduan Besi,Pakaulan,Maluku Utara,Operasi Produksi,0,0,"Blok Pakaulan Barat, Blok 1 Pakaulan Timur, Blok 2 Pakaulan Timur, Blok 3 Pakaulan Timur (Saprolit dan limonit)","PT Antam, Annual Report Tahun 2020",1316,128.409,0.948,IUP,"Kec. Maba, Kab. Halmahera Timur",3648.0,2030-09-20,2022-09-30,21339.971,1059.988,19769.438,7.978082191780822,Active
Wasile,Halmahera Timur,Nikel Wasile,312000000,Nikel,Ni,Logam Besi dan Paduan Besi,Wasile,Maluku Utara,Operasi Produksi,14000000,15365,"Blok Wasile I, Wasile II","PT Wana Kencana Mineral, Laporan RKAB Tahun 2019 (Tabulasi Dinas ESDM Provinsi)",1323,128.08,1.113,IUP,"Kec Wasile Selatan, Kab Halmahera Timur. Kec Weda, Kab Halmahera Tengah",24700.0,2036-05-09,2016-05-09,37372.673,331.391,35087.919,20.013698630136986,Active
Maba,Halmahera Timur,Nikel Tanjung Buli,325000000,Nikel,Ni,Logam Besi dan Paduan Besi,Tanjung Buli,Maluku Utara,Operasi Produksi,99400000,127137,Limonit-Saprolit (wmt),"PT Antam, Annual Report Tahun 2021",1330,128.286,0.832,IUP,"Kec. Maba, Kab. Halmahera Timur",3648.0,2030-09-20,2022-09-30,3006.055,219.244,3238.07,7.978082191780822,Active
Maba,Halmahera Timur,Nikel Pulau Gee,327000000,Nikel,Ni,Logam Besi dan Paduan Besi,Pulau Gee,Maluku Utara,Operasi Produksi,15000000,31500,"Saprolit (wmt), Limonit","PT Antam, Annual Report 2006",1331,128.328,0.83,IUP,"Kec. Maba, Kab. Halmahera Timur",3648.0,2030-09-20,2022-09-30,7641.558,100.821,7646.274,7.978082191780822,Active
Kotamaba,Halmahera Timur,Nikel Pulau Pakal,328000000,Nikel,Ni,Logam Besi dan Paduan Besi,Pulau Pakal,Maluku Utara,Operasi Produksi,131600000,1817893,Limonit-Saprolit,"PT Antam, Annual Report Tahun 2021",1332,128.34,0.786,IUP,"Kec. Maba, Kab. Halmahera Timur",3648.0,2030-09-20,2022-09-30,10066.887,637.293,11095.497,7.978082191780822,Active
Wasile,Halmahera Timur,Nikel Fayaul,1425000000,Nikel,Ni,Logam Besi dan Paduan Besi,Fayaul,Maluku Utara,Operasi Produksi,20454010,2618820512,Saprolit,PT Jaya Abadi Semesta. Persetujuan dan Evaluasi Laporan RKAB Tahun 2021,1434,128.1435,1.023,IUP,KEC. WASILE DAN MABA KAB. HALMAHERA TIMUR,,2032-09-10,2012-09-10,25192.895,3077.035,22907.629,20.013698630136986,Active
Wasile,Halmahera Timur,Nikel Saramaake,1426000000,Nikel,Ni,Logam Besi dan Paduan Besi,Saramaake,Maluku Utara,Explorasi,0,0,Saprolit,"PT Jaya Abadi Semesta, Tahun 2015",1435,128.1037,0.9828,IUP,KEC. WASILE DAN MABA KAB. HALMAHERA TIMUR,,2032-09-10,2012-09-10,24412.793,6495.377,22203.768,20.013698630136986,Active
Kotamaba,Halmahera Timur,Nikel Wailukum,1427000000,Nikel,Ni,Logam Besi dan Paduan Besi,Wailukum,Maluku Utara,Operasi Produksi,53956602,0,-,"PT Alngit Raya, 2013",1436,128.206,0.775,IUP,"Desa Wailukum, Kec.Kota Maba, Kab. Halmahera Timur",137.1,2032-01-23,2012-08-02,8292.971,121.625,9088.818,19.487671232876714,Active
Kotamaba,Halmahera Timur,Nikel Fritu,1428000000,Nikel,Ni,Logam Besi dan Paduan Besi,Fritu,Maluku Utara,Operasi Produksi,45323000,53956602,Limonit-Saprolit,"PT Harum Sukses Mining, Laporan RKAB Tahun 2021",1437,128.152,0.599,IUP,Desa Fritu Kec Weda Utara Kab Halmahera Tengah,990.0,2030-12-28,2009-12-28,27931.772,3609.919,22113.934,21.013698630136986,Active
Wasile,Halmahera Timur,Nikel Subaim,1600000000,Nikel,Ni,Logam Besi dan Paduan Besi,Subaim,Maluku Utara,Operasi Produksi,118000000,131880,"Blok Meja River 1, Meja River 2, dan Oviang","PT Indo Bumi Nikel, Laporan RKAB Tahun 2021",1451,128.197,1.021,IUP,Kec. Wasile dan Wasile Timur Kab Halmahera Timur,2117.0,2029-12-07,2009-12-07,22516.268,3101.367,20297.227,20.013698630136986,Active
Kotamaba,Halmahera Timur,Nikel Wailukum 1,1936000000,Nikel,Ni,Logam Besi dan Paduan Besi,Wailukum 1,Maluku Utara,Operasi Produksi,665600010,8176470523,Limonit-Saprolit (Blok Mana I-III),"PT Position, Laporan RKAB Tahun 2019",1468,128.16,0.542,IUP,Kec. Maba Kota Kb. Halmahera Timur,4017.0,2037-12-12,2017-12-12,33430.916,2126.76,19801.427,20.013698630136986,Active
Kotamaba,Halmahera Timur,Nikel Weda,2189000000,Nikel,Ni,Logam Besi dan Paduan Besi,Weda,Maluku Utara,Operasi Produksi,294664000,3373085275,"Utara, Tengah, Selatan","PT Wana Kencana Mineral, Laporan RKAB Tahun 2020 (Tabulasi Dinas ESDM Provinsi)",1539,128.106,0.795,IUP,"Kec Wasile Selatan, Kab Halmahera Timur. Kec Weda, Kab Halmahera Tengah",24700.0,2036-05-09,2016-05-09,17444.246,6350.331,16828.893,20.013698630136986,Active
Wasile Selatan,Halmahera Timur,Nikel Wasile 2,2191000000,Nikel,Ni,Logam Besi dan Paduan Besi,Wasile 2,Maluku Utara,Operasi Produksi,82250000,978775,"Kadar Ni 1,7%","PT Mega Haltim Mineral, Laporan RKAB Tahun 2021",1541,127.925,0.731,IUP,Weda Kec. Wasile Selatan Kab.,13510.0,2030-11-09,2016-11-09,38714.987,56.244,29018.244,14.008219178082191,Active
Wasile,Halmahera Timur,Nikel Batu Raja,2552000000,Nikel,Ni,Logam Besi dan Paduan Besi,Batu Raja,Maluku Utara,Operasi Produksi,14100000,182042,"Lapisan OB, limonit dan saprolit, kadar Ni 0.9% s.d. 3,17%","PT Alam Raya Abadi, Laporan RKAB Tahun 2020 (Tabulasi Dinas ESDM Provinsi)",1574,128.144,1.048,IUP,Kec. Wasile,924.0,2027-10-29,2020-06-18,27577.679,2010.592,25296.576,7.367123287671233,Active
Kota Maba,Halmahera Timur,Nikel Soa Gimalaha,2798000000,Nikel,Ni,Logam Besi dan Paduan Besi,Soa Gimalaha,Maluku Utara,Operasi Produksi,68756540,0,Saprolit dan limonit,"PT Adhita Nikel Indonesia, Laporan RKAB Tahun 2021",1616,128.2816,0.6194,IUP,"Desa Soagimalaha Kec Kota Maba, Kab. Halmahera Timur",2000.0,2031-03-10,2011-03-10,23120.86,3004.079,25211.357,20.013698630136986,Active
Kota Maba,Halmahera Timur,Nikel Wailukum 2,2817000000,Nikel,Ni,Logam Besi dan Paduan Besi,Wailukum 2,Maluku Utara,Operasi Produksi,0,0,"Blok Barat kadar Ni 1,6%","PT Haltim Mining, Persetujuan dan Evaluasi Laporan RKAB Tahun 2021",1635,128.231,0.7376,IUP,Desa Wailukum Kec.Maba Kota Kab Halmahera Timur,122.7,2031-08-18,2011-10-19,10410.107,521.138,12039.842,19.843835616438355,Active
Maba,Halmahera Timur,Nikel Buli Karya,2818000000,Nikel,Ni,Logam Besi dan Paduan Besi,Buli Karya,Maluku Utara,Operasi Produksi,180000000,224784,Limonit-saprolit,"PT Priven Lestari, Laporan RKAB Tahun 2021",1636,128.181,0.9004,IUP,Kec. Maba dan Maba Kota Kab. Halmahera timur,4953.0,2037-07-17,2018-07-17,11894.788,8175.22,9719.919,19.013698630136986,Active
Maba Kota,Halmahera Timur,Nikel Mabapura,2853000000,Nikel,Ni,Logam Besi dan Paduan Besi,Mabapura,Maluku Utara,Operasi Produksi,0,0,"Kadar Ni 1,79%","PT Makmur Jaya Lestari, Persetujuan dan Evaluasi Laporan RKAB Tahun 2021",1650,128.205,0.8112,IUP,Desa Maba Kota Kab. Halmahera Timur,394.1,2028-10-29,2009-10-29,6311.443,96.732,6143.022,19.013698630136986,Active
Kota Maba,"Halmahera Timur, Halmahera Tengah",Nikel Maba Sangaji,2852000000,Nikel,Ni,Logam Besi dan Paduan Besi,Maba Sangaji,Maluku Utara,Operasi Produksi,0,0,Blok A-Blok F,"PT Wana Halmahera Barat, Persetujuan dan Evaluasi Laporan RKAB Tahun 2021",1649,128.077,0.713,IUP,"Kec Weda, Wasile Selatan Kab. Halmahera Tengah",3986.0,2038-08-30,2018-08-30,23915.298,7953.8,24056.697,20.013698630136986,Active
Seram Barat,Seram Bagian Barat,Nikel Piru,1438000000,Nikel,Ni,Logam Besi dan Paduan Besi,Piru,Maluku,Operasi Produksi,241251300,3793481853,-,"PT Manusela Prima Mining (545-236.a Tahun 2009), Laporan RKAB Tahun 2021",1446,128.099,-3.111,IUP,DESA PIRU KEC. SERAM BARAT KAB,4389.0,2029-10-15,2009-10-15,97056.749,458.016,189482.436,20.013698630136986,Active
